time,flux
0.01,41271.7
0.02,37166.3
0.03,34358.2
0.04,32242.7
0.05,30655.7
0.060000000000000005,29593.0
0.06999999999999999,28915.6
0.08,28553.6
0.09,28835.6
0.09999999999999999,29521.4
0.11,30481.7
0.12,31892.4
0.13,33442.3
0.14,35333.5
0.15000000000000002,37917.2
0.16,40625.7
0.17,43815.6
0.18000000000000002,47398.5
0.19,51014.4
0.2,55180.8
0.21000000000000002,59771.7
0.22,64271.8
0.23,69331.4
0.24000000000000002,75302.6
0.25,80600.2
0.26,87136.0
0.27,93283.2
0.28,100763.0
0.29000000000000004,107576.0
0.3,115008.0
0.31,123288.0
0.32,130932.0
0.33,138773.0
0.34,148091.0
0.35000000000000003,156980.0
0.36000000000000004,166279.0
0.37,175625.0
0.38,185685.0
0.39,195546.0
0.4,205887.0
0.41000000000000003,216955.0
0.42000000000000004,227292.0
0.43,237881.0
0.44,249233.0
0.45,260341.0
0.46,270973.0
0.47000000000000003,284610.0
0.48000000000000004,295964.0
0.49,308449.0
0.5,320745.0
0.51,333173.0
0.52,345101.0
0.53,358168.0
0.54,371145.0
0.55,384300.0
0.56,396449.0
0.5700000000000001,410002.0
0.5800000000000001,423735.0
0.59,437197.0
0.6,450971.0
0.61,463773.0
0.62,477084.0
0.63,490776.0
0.64,505726.0
0.65,519496.0
0.66,533682.0
0.67,547481.0
0.68,562013.0
0.6900000000000001,576884.0
0.7000000000000001,590942.0
0.7100000000000001,605810.0
0.72,620516.0
0.73,634308.0
0.74,649122.0
0.75,664982.0
0.76,678726.0
0.77,693430.0
0.78,708804.0
0.79,723524.0
0.8,738107.0
0.81,753097.0
0.8200000000000001,768004.0
0.8300000000000001,782527.0
0.8400000000000001,797677.0
0.85,812712.0
0.86,827425.0
0.87,842217.0
0.88,856591.0
0.89,870977.0
0.9,885520.0
0.91,899615.0
0.92,913512.0
0.93,927540.0
0.9400000000000001,941442.0
0.9500000000000001,955050.0
0.9600000000000001,968204.0
0.97,981489.0
0.98,994310.0
0.99,1006900.0
1.0,1019070.0
1.01,1030910.0
1.02,1042380.0
1.03,1053450.0
1.04,1064140.0
1.05,1074440.0
1.06,1084400.0
1.07,1093810.0
1.08,1102840.0
1.09,1111400.0
1.1,1119480.0
1.11,1127000.0
1.12,1134010.0
1.1300000000000001,1140540.0
1.1400000000000001,1146550.0
1.1500000000000001,1152050.0
1.1600000000000001,1157010.0
1.17,1161440.0
1.18,1165360.0
1.19,1168750.0
1.2,1171590.0
1.21,1173940.0
1.22,1175800.0
1.23,1177170.0
1.24,1178030.0
1.25,1178460.0
1.26,1178440.0
1.27,1177980.0
1.28,1177130.0
1.29,1175880.0
1.3,1174260.0
1.31,1172280.0
1.32,1169960.0
1.33,1167340.0
1.34,1164490.0
1.35,1161350.0
1.36,1158030.0
1.37,1154470.0
1.3800000000000001,1150700.0
1.3900000000000001,1146800.0
1.4000000000000001,1142760.0
1.4100000000000001,1138600.0
1.42,1134340.0
1.43,1130010.0
1.44,1125610.0
1.45,1121210.0
1.46,1116780.0
1.47,1112370.0
1.48,1107950.0
1.49,1103570.0
1.5,1099220.0
1.51,1094950.0
1.52,1090760.0
1.53,1086630.0
1.54,1082600.0
1.55,1078680.0
1.56,1074870.0
1.57,1071170.0
1.58,1067550.0
1.59,1064070.0
1.6,1060720.0
1.61,1057460.0
1.62,1054350.0
1.6300000000000001,1051390.0
1.6400000000000001,1048530.0
1.6500000000000001,1045800.0
1.6600000000000001,1043170.0
1.6700000000000002,1040690.0
1.68,1038330.0
1.69,1036080.0
1.7,1033940.0
1.71,1031940.0
1.72,1030030.0
1.73,1028190.0
1.74,1026480.0
1.75,1024870.0
1.76,1023350.0
1.77,1021920.0
1.78,1020560.0
1.79,1019300.0
1.8,1018100.0
1.81,1017010.0
1.82,1015990.0
1.83,1015020.0
1.84,1014120.0
1.85,1013270.0
1.86,1012470.0
1.87,1011730.0
1.8800000000000001,1011030.0
1.8900000000000001,1010390.0
1.9000000000000001,1009770.0
1.9100000000000001,1009200.0
1.9200000000000002,1008640.0
1.93,1008130.0
1.94,1007670.0
1.95,1007230.0
1.96,1006810.0
1.97,1006420.0
1.98,1006050.0
1.99,1005720.0
2.0,1005410.0
2.01,1005130.0
2.02,1004870.0
2.03,1004620.0
2.04,1004390.0
2.05,1004170.0
2.0599999999999996,1003980.0
2.07,1003800.0
2.0799999999999996,1003630.0
2.09,1003470.0
2.0999999999999996,1003320.0
2.11,1003170.0
2.1199999999999997,1003050.0
2.13,1002960.0
2.1399999999999997,1002840.0
2.15,1002750.0
2.1599999999999997,1002660.0
2.17,1002580.0
2.1799999999999997,1002500.0
2.19,1002440.0
2.1999999999999997,1002380.0
2.21,1002310.0
2.2199999999999998,1002210.0
2.23,1002150.0
2.2399999999999998,1002080.0
2.25,1002030.0
2.26,1001970.0
2.27,1001930.0
2.28,1001890.0
2.29,1001840.0
2.3,1001780.0
2.31,1001760.0
2.32,1001700.0
2.3299999999999996,1001650.0
2.34,1001610.0
2.3499999999999996,1001580.0
2.36,1001540.0
2.3699999999999997,1001500.0
2.38,1001460.0
2.3899999999999997,1001430.0
2.4,1001400.0
2.4099999999999997,1001380.0
2.42,1001350.0
2.4299999999999997,1001330.0
2.44,1001300.0
2.4499999999999997,1001260.0
2.46,1001240.0
2.4699999999999998,1001220.0
2.48,1001180.0
2.4899999999999998,1001160.0
2.5,1001150.0
2.51,1001120.0
2.52,1001090.0
2.53,1001070.0
2.54,1001040.0
2.55,1001040.0
2.56,1001020.0
2.57,1001010.0
2.5799999999999996,1000990.0
2.59,1000980.0
2.5999999999999996,1000950.0
2.61,1000940.0
2.6199999999999997,1000930.0
2.63,1000930.0
2.6399999999999997,1000910.0
2.65,1000890.0
2.6599999999999997,1000870.0
2.67,1000850.0
2.6799999999999997,1000850.0
2.69,1000840.0
2.6999999999999997,1000840.0
2.71,1000820.0
2.7199999999999998,1000820.0
2.73,1000810.0
2.7399999999999998,1000810.0
2.75,1000800.0
2.76,1000790.0
2.77,1000770.0
2.78,1000760.0
2.79,1000750.0
2.8,1000740.0
2.81,1000730.0
2.82,1000720.0
2.8299999999999996,1000700.0
2.84,1000680.0
2.8499999999999996,1000660.0
2.86,1000640.0
2.8699999999999997,1000640.0
2.88,1000630.0
2.8899999999999997,1000620.0
2.9,1000600.0
2.9099999999999997,1000580.0
2.92,1000570.0
2.9299999999999997,1000550.0
2.94,1000540.0
2.9499999999999997,1000530.0
2.96,1000530.0
2.9699999999999998,1000520.0
2.98,1000530.0
2.9899999999999998,1000520.0
3.0,1000510.0
3.01,1000500.0
3.02,1000490.0
3.03,1000490.0
3.04,1000480.0
3.05,1000480.0
3.06,1000470.0
3.07,1000470.0
3.08,1000450.0
3.09,1000440.0
3.0999999999999996,1000430.0
3.11,1000420.0
3.1199999999999997,1000400.0
3.13,1000390.0
3.1399999999999997,1000390.0
3.15,1000380.0
3.1599999999999997,1000380.0
3.17,1000390.0
3.1799999999999997,1000380.0
3.19,1000360.0
3.1999999999999997,1000340.0
3.21,1000340.0
3.2199999999999998,1000330.0
3.23,1000320.0
3.2399999999999998,1000330.0
3.25,1000310.0
3.26,1000310.0
3.27,1000300.0
3.28,1000300.0
3.29,1000280.0
3.3,1000270.0
3.31,1000250.0
3.32,1000240.0
3.33,1000230.0
3.34,1000250.0
3.3499999999999996,1000250.0
3.36,1000230.0
3.3699999999999997,1000220.0
3.38,1000220.0
3.3899999999999997,1000210.0
3.4,1000230.0
3.4099999999999997,1000220.0
3.42,1000210.0
3.4299999999999997,1000200.0
3.44,1000210.0
3.4499999999999997,1000200.0
3.46,1000180.0
3.4699999999999998,1000180.0
3.48,1000170.0
3.4899999999999998,1000180.0
3.5,1000160.0
3.51,1000150.0
3.52,1000140.0
3.53,1000150.0
3.54,1000140.0
3.55,1000140.0
3.56,1000140.0
3.57,1000150.0
3.58,1000140.0
3.59,1000130.0
3.5999999999999996,1000120.0
3.61,1000110.0
3.6199999999999997,1000110.0
3.63,1000110.0
3.6399999999999997,1000100.0
3.65,1000080.0
3.6599999999999997,1000080.0
3.67,1000080.0
3.6799999999999997,1000080.0
3.69,1000090.0
3.6999999999999997,1000090.0
3.71,1000080.0
3.7199999999999998,1000090.0
3.73,1000080.0
3.7399999999999998,1000060.0
3.75,1000080.0
3.76,1000070.0
3.77,1000060.0
3.78,1000050.0
3.79,1000050.0
3.8,1000040.0
3.81,1000030.0
3.82,1000020.0
3.83,1000010.0
3.84,1000010.0
3.8499999999999996,1000010.0
3.86,999992.0
3.8699999999999997,999993.0
3.88,999979.0
3.8899999999999997,999972.0
3.9,999965.0
3.9099999999999997,999966.0
3.92,999971.0
3.9299999999999997,999959.0
3.94,999941.0
3.9499999999999997,999931.0
3.96,999934.0
3.9699999999999998,999942.0
3.98,999924.0
3.9899999999999998,999918.0
4.0,999910.0
4.01,999899.0
4.02,999906.0
4.03,999907.0
4.04,999890.0
4.05,999889.0
4.06,999881.0
4.07,999871.0
4.08,999873.0
4.09,999872.0
4.1,999867.0
4.109999999999999,999857.0
4.12,999851.0
4.13,999844.0
4.14,999843.0
4.1499999999999995,999835.0
4.16,999823.0
4.17,999825.0
4.18,999809.0
4.1899999999999995,999803.0
4.2,999790.0
4.21,999786.0
4.22,999782.0
4.2299999999999995,999777.0
4.24,999762.0
4.25,999761.0
4.26,999758.0
4.27,999746.0
4.28,999749.0
4.29,999744.0
4.3,999742.0
4.31,999737.0
4.32,999726.0
4.33,999707.0
4.34,999696.0
4.35,999676.0
4.36,999660.0
4.37,999658.0
4.38,999662.0
4.39,999661.0
4.3999999999999995,999659.0
4.41,999652.0
4.42,999635.0
4.43,999627.0
4.4399999999999995,999622.0
4.45,999614.0
4.46,999608.0
4.47,999605.0
4.4799999999999995,999605.0
4.49,999599.0
4.5,999596.0
4.51,999584.0
4.52,999582.0
4.53,999592.0
4.54,999579.0
4.55,999573.0
4.56,999573.0
4.57,999568.0
4.58,999556.0
4.59,999553.0
4.6,999541.0
4.61,999537.0
4.62,999541.0
4.63,999553.0
4.64,999562.0
4.6499999999999995,999558.0
4.66,999546.0
4.67,999545.0
4.68,999532.0
4.6899999999999995,999531.0
4.7,999520.0
4.71,999504.0
4.72,999494.0
4.7299999999999995,999487.0
4.74,999493.0
4.75,999487.0
4.76,999490.0
4.77,999489.0
4.78,999477.0
4.79,999460.0
4.8,999458.0
4.81,999464.0
4.82,999450.0
4.83,999451.0
4.84,999445.0
4.85,999449.0
4.86,999445.0
4.87,999437.0
4.88,999434.0
4.89,999430.0
4.8999999999999995,999434.0
4.91,999428.0
4.92,999436.0
4.93,999436.0
4.9399999999999995,999422.0
4.95,999417.0
4.96,999420.0
4.97,999424.0
4.9799999999999995,999421.0
4.99,999419.0
5.0,999418.0
5.01,999421.0
5.02,999408.0
5.03,999400.0
5.04,999389.0
5.05,999391.0
5.06,999376.0
5.07,999372.0
5.08,999365.0
5.09,999348.0
5.1,999346.0
5.11,999346.0
5.12,999335.0
5.13,999347.0
5.14,999337.0
5.1499999999999995,999341.0
5.16,999346.0
5.17,999348.0
5.18,999350.0
5.1899999999999995,999350.0
5.2,999357.0
5.21,999357.0
5.22,999374.0
5.2299999999999995,999381.0
5.24,999374.0
5.25,999373.0
5.26,999366.0
5.27,999359.0
5.28,999357.0
5.29,999358.0
5.3,999363.0
5.31,999369.0
5.32,999368.0
5.33,999357.0
5.34,999353.0
5.35,999352.0
5.36,999353.0
5.37,999349.0
5.38,999346.0
5.39,999340.0
5.3999999999999995,999349.0
5.41,999339.0
5.42,999346.0
5.43,999338.0
5.4399999999999995,999321.0
5.45,999329.0
5.46,999321.0
5.47,999317.0
5.4799999999999995,999307.0
5.49,999316.0
5.5,999308.0
5.51,999308.0
5.52,999302.0
5.53,999307.0
5.54,999294.0
5.55,999287.0
5.56,999275.0
5.57,999281.0
5.58,999278.0
5.59,999268.0
5.6,999264.0
5.61,999261.0
5.62,999253.0
5.63,999251.0
5.64,999251.0
5.6499999999999995,999254.0
5.66,999244.0
5.67,999239.0
5.68,999225.0
5.6899999999999995,999227.0
5.7,999226.0
5.71,999210.0
5.72,999208.0
5.7299999999999995,999206.0
5.74,999205.0
5.75,999202.0
5.76,999196.0
5.77,999195.0
5.78,999183.0
5.79,999176.0
5.8,999163.0
5.81,999160.0
5.82,999157.0
5.83,999152.0
5.84,999146.0
5.85,999156.0
5.86,999155.0
5.87,999150.0
5.88,999150.0
5.89,999138.0
5.8999999999999995,999130.0
5.91,999132.0
5.92,999123.0
5.93,999128.0
5.9399999999999995,999122.0
5.95,999111.0
5.96,999114.0
5.97,999108.0
5.9799999999999995,999105.0
5.99,999107.0
6.0,999102.0
6.01,999102.0
6.02,999097.0
6.03,999086.0
6.04,999086.0
6.05,999085.0
6.06,999087.0
6.07,999077.0
6.08,999071.0
6.09,999073.0
6.1,999065.0
6.11,999063.0
6.12,999051.0
6.13,999049.0
6.14,999060.0
6.15,999065.0
6.16,999069.0
6.17,999073.0
6.18,999076.0
6.1899999999999995,999082.0
6.2,999074.0
6.21,999073.0
6.22,999063.0
6.2299999999999995,999061.0
6.24,999067.0
6.25,999071.0
6.26,999060.0
6.27,999060.0
6.28,999055.0
6.29,999050.0
6.3,999037.0
6.31,999041.0
6.32,999040.0
6.33,999036.0
6.34,999032.0
6.35,999022.0
6.36,999016.0
6.37,999013.0
6.38,999008.0
6.39,999008.0
6.4,999008.0
6.41,999002.0
6.42,999006.0
6.43,999012.0
6.4399999999999995,999009.0
6.45,999007.0
6.46,999001.0
6.47,998999.0
6.4799999999999995,998999.0
6.49,999004.0
6.5,998997.0
6.51,998994.0
6.52,998994.0
6.53,998997.0
6.54,998996.0
6.55,998991.0
6.56,998991.0
6.57,998996.0
6.58,999002.0
6.59,998998.0
6.6,999000.0
6.61,998988.0
6.62,998992.0
6.63,998993.0
6.64,998986.0
6.65,998988.0
6.66,998977.0
6.67,998979.0
6.68,998978.0
6.6899999999999995,998970.0
6.7,998959.0
6.71,998956.0
6.72,998946.0
6.7299999999999995,998932.0
6.74,998941.0
6.75,998933.0
6.76,998930.0
6.77,998923.0
6.78,998927.0
6.79,998919.0
6.8,998919.0
6.81,998917.0
6.82,998915.0
6.83,998919.0
6.84,998923.0
6.85,998915.0
6.86,998918.0
6.87,998917.0
6.88,998900.0
6.89,998894.0
6.9,998885.0
6.91,998880.0
6.92,998877.0
6.93,998874.0
6.9399999999999995,998868.0
6.95,998866.0
6.96,998861.0
6.97,998860.0
6.9799999999999995,998860.0
6.99,998857.0
7.0,998851.0
7.01,998845.0
7.02,998834.0
7.03,998829.0
7.04,998832.0
7.05,998845.0
7.06,998842.0
7.07,998840.0
7.08,998850.0
7.09,998843.0
7.1,998839.0
7.11,998841.0
7.12,998850.0
7.13,998853.0
7.14,998849.0
7.15,998843.0
7.16,998847.0
7.17,998841.0
7.18,998835.0
7.1899999999999995,998836.0
7.2,998834.0
7.21,998829.0
7.22,998822.0
7.2299999999999995,998817.0
7.24,998814.0
7.25,998811.0
7.26,998811.0
7.27,998803.0
7.28,998806.0
7.29,998815.0
7.3,998812.0
7.31,998803.0
7.32,998809.0
7.33,998806.0
7.34,998808.0
7.35,998805.0
7.36,998803.0
7.37,998800.0
7.38,998812.0
7.39,998816.0
7.4,998813.0
7.41,998813.0
7.42,998810.0
7.43,998814.0
7.4399999999999995,998824.0
7.45,998828.0
7.46,998820.0
7.47,998823.0
7.4799999999999995,998821.0
7.49,998822.0
7.5,998821.0
7.51,998814.0
7.52,998816.0
7.53,998817.0
7.54,998807.0
7.55,998799.0
7.56,998795.0
7.57,998792.0
7.58,998788.0
7.59,998785.0
7.6,998786.0
7.61,998776.0
7.62,998771.0
7.63,998765.0
7.64,998763.0
7.65,998762.0
7.66,998770.0
7.67,998765.0
7.68,998765.0
7.6899999999999995,998767.0
7.7,998765.0
7.71,998767.0
7.72,998757.0
7.7299999999999995,998758.0
7.74,998752.0
7.75,998756.0
7.76,998755.0
7.77,998765.0
7.78,998759.0
7.79,998755.0
7.8,998762.0
7.81,998760.0
7.82,998756.0
7.83,998772.0
7.84,998776.0
7.85,998779.0
7.86,998784.0
7.87,998783.0
7.88,998782.0
7.89,998788.0
7.9,998788.0
7.91,998790.0
7.92,998788.0
7.93,998789.0
7.94,998791.0
7.95,998794.0
7.96,998801.0
7.97,998801.0
7.9799999999999995,998801.0
7.99,998805.0
8.0,998814.0
8.01,998814.0
8.02,998812.0
8.03,998813.0
8.04,998816.0
8.05,998815.0
8.06,998818.0
8.07,998825.0
8.08,998822.0
8.09,998822.0
8.1,998825.0
8.11,998826.0
8.12,998819.0
8.13,998818.0
8.14,998818.0
8.15,998815.0
8.16,998813.0
8.17,998816.0
8.18,998822.0
8.19,998817.0
8.2,998824.0
8.209999999999999,998825.0
8.22,998829.0
8.23,998819.0
8.24,998814.0
8.25,998816.0
8.26,998813.0
8.27,998804.0
8.28,998797.0
8.29,998781.0
8.3,998778.0
8.31,998780.0
8.32,998770.0
8.33,998775.0
8.34,998773.0
8.35,998777.0
8.36,998783.0
8.37,998779.0
8.38,998778.0
8.39,998779.0
8.4,998781.0
8.41,998771.0
8.42,998775.0
8.43,998772.0
8.44,998774.0
8.45,998765.0
8.459999999999999,998757.0
8.47,998750.0
8.48,998749.0
8.49,998749.0
8.5,998737.0
8.51,998735.0
8.52,998733.0
8.53,998728.0
8.54,998726.0
8.55,998720.0
8.56,998716.0
8.57,998714.0
8.58,998712.0
8.59,998717.0
8.6,998711.0
8.61,998698.0
8.62,998689.0
8.63,998684.0
8.64,998679.0
8.65,998673.0
8.66,998671.0
8.67,998663.0
8.68,998661.0
8.69,998659.0
8.7,998660.0
8.71,998661.0
8.72,998662.0
8.73,998656.0
8.74,998660.0
8.75,998653.0
8.76,998647.0
8.77,998651.0
8.78,998644.0
8.79,998646.0
8.8,998649.0
8.81,998647.0
8.82,998653.0
8.83,998652.0
8.84,998650.0
8.85,998643.0
8.86,998641.0
8.87,998636.0
8.88,998624.0
8.89,998617.0
8.9,998616.0
8.91,998621.0
8.92,998620.0
8.93,998620.0
8.94,998619.0
8.95,998615.0
8.96,998615.0
8.97,998621.0
8.98,998620.0
8.99,998621.0
9.0,998621.0
9.01,998626.0
9.02,998618.0
9.03,998612.0
9.04,998607.0
9.05,998606.0
9.06,998606.0
9.07,998598.0
9.08,998589.0
9.09,998589.0
9.1,998589.0
9.11,998596.0
9.12,998591.0
9.13,998596.0
9.14,998589.0
9.15,998587.0
9.16,998589.0
9.17,998588.0
9.18,998584.0
9.19,998584.0
9.2,998586.0
9.21,998590.0
9.22,998588.0
9.23,998588.0
9.24,998581.0
9.25,998571.0
9.26,998574.0
9.27,998577.0
9.28,998574.0
9.29,998575.0
9.3,998575.0
9.31,998576.0
9.32,998571.0
9.33,998571.0
9.34,998565.0
9.35,998565.0
9.36,998567.0
9.37,998570.0
9.38,998574.0
9.39,998571.0
9.4,998575.0
9.41,998572.0
9.42,998573.0
9.43,998572.0
9.44,998574.0
9.45,998568.0
9.46,998563.0
9.47,998565.0
9.48,998566.0
9.49,998563.0
9.5,998555.0
9.51,998560.0
9.52,998563.0
9.53,998563.0
9.54,998566.0
9.55,998574.0
9.56,998571.0
9.57,998574.0
9.58,998573.0
9.59,998580.0
9.6,998580.0
9.61,998585.0
9.62,998592.0
9.63,998591.0
9.64,998587.0
9.65,998589.0
9.66,998594.0
9.67,998597.0
9.68,998603.0
9.69,998596.0
9.7,998586.0
9.71,998584.0
9.72,998583.0
9.73,998588.0
9.74,998585.0
9.75,998577.0
9.76,998573.0
9.77,998570.0
9.78,998571.0
9.79,998565.0
9.8,998563.0
9.81,998556.0
9.82,998554.0
9.83,998554.0
9.84,998553.0
9.85,998546.0
9.86,998544.0
9.87,998538.0
9.88,998533.0
9.89,998530.0
9.9,998529.0
9.91,998527.0
9.92,998527.0
9.93,998525.0
9.94,998527.0
9.95,998532.0
9.96,998533.0
9.97,998527.0
9.98,998526.0
9.99,998526.0
10.0,706275.0
10.01,706508.0
10.02,706783.0
10.03,707096.0
10.04,707453.0
10.049999999999999,707863.0
10.06,708322.0
10.07,708834.0
10.08,709403.0
10.09,710026.0
10.1,710706.0
10.11,711451.0
10.12,712260.0
10.129999999999999,713127.0
10.14,714059.0
10.15,715060.0
10.16,716124.0
10.17,717262.0
10.18,718469.0
10.19,719748.0
10.2,721093.0
10.209999999999999,722514.0
10.22,724006.0
10.23,725569.0
10.24,727204.0
10.25,728915.0
10.26,730693.0
10.27,732545.0
10.28,734466.0
10.29,736460.0
10.299999999999999,738529.0
10.31,740661.0
10.32,742862.0
10.33,745133.0
10.34,747476.0
10.35,749885.0
10.36,752345.0
10.37,754872.0
10.379999999999999,757455.0
10.39,760104.0
10.4,762805.0
10.41,765564.0
10.42,768370.0
10.43,771231.0
10.44,774139.0
10.45,777090.0
10.459999999999999,780088.0
10.47,783134.0
10.48,786211.0
10.49,789321.0
10.5,792469.0
10.51,795648.0
10.52,798860.0
10.53,802092.0
10.54,805352.0
10.549999999999999,808630.0
10.56,811928.0
10.57,815244.0
10.58,818574.0
10.59,821912.0
10.6,825255.0
10.61,828608.0
10.62,831970.0
10.629999999999999,835334.0
10.64,838694.0
10.65,842038.0
10.66,845386.0
10.67,848721.0
10.68,852047.0
10.69,855353.0
10.7,858649.0
10.709999999999999,861919.0
10.72,865173.0
10.73,868407.0
10.74,871621.0
10.75,874800.0
10.76,877956.0
10.77,881085.0
10.78,884182.0
10.79,887250.0
10.799999999999999,890277.0
10.81,893269.0
10.82,896218.0
10.83,899133.0
10.84,902001.0
10.85,904828.0
10.86,907612.0
10.87,910357.0
10.879999999999999,913059.0
10.89,915706.0
10.9,918312.0
10.91,920863.0
10.92,923368.0
10.93,925827.0
10.94,928238.0
10.95,930589.0
10.959999999999999,932899.0
10.97,935172.0
10.98,937379.0
10.99,939540.0
11.0,941644.0
11.01,943696.0
11.02,945694.0
11.03,947642.0
11.04,949539.0
11.049999999999999,951383.0
11.06,953180.0
11.07,954926.0
11.08,956625.0
11.09,958275.0
11.1,959871.0
11.11,961426.0
11.12,962928.0
11.129999999999999,964383.0
11.14,965792.0
11.15,967158.0
11.16,968470.0
11.17,969749.0
11.18,970982.0
11.19,972167.0
11.2,973312.0
11.209999999999999,974420.0
11.22,975491.0
11.23,976512.0
11.24,977497.0
11.25,978445.0
11.26,979366.0
11.27,980246.0
11.28,981087.0
11.29,981899.0
11.299999999999999,982680.0
11.31,983430.0
11.32,984145.0
11.33,984832.0
11.34,985491.0
11.35,986124.0
11.36,986729.0
11.37,987305.0
11.379999999999999,987865.0
11.39,988395.0
11.4,988901.0
11.41,989383.0
11.42,989844.0
11.43,990282.0
11.44,990701.0
11.45,991103.0
11.459999999999999,991486.0
11.47,991851.0
11.48,992195.0
11.49,992525.0
11.5,992833.0
11.51,993130.0
11.52,993412.0
11.53,993675.0
11.54,993930.0
11.55,994173.0
11.56,994402.0
11.57,994618.0
11.58,994831.0
11.59,995028.0
11.6,995220.0
11.61,995398.0
11.62,995569.0
11.629999999999999,995728.0
11.64,995884.0
11.65,996028.0
11.66,996161.0
11.67,996288.0
11.68,996407.0
11.69,996525.0
11.7,996626.0
11.709999999999999,996729.0
11.72,996828.0
11.73,996924.0
11.74,997015.0
11.75,997104.0
11.76,997181.0
11.77,997252.0
11.78,997321.0
11.79,997383.0
11.8,997444.0
11.81,997502.0
11.82,997555.0
11.83,997609.0
11.84,997655.0
11.85,997703.0
11.86,997742.0
11.87,997780.0
11.879999999999999,997813.0
11.89,997850.0
11.9,997885.0
11.91,997917.0
11.92,997949.0
11.93,997980.0
11.94,998013.0
11.95,998044.0
11.959999999999999,998071.0
11.97,998095.0
11.98,998117.0
11.99,998135.0
12.0,998157.0
12.01,998172.0
12.02,998187.0
12.030000000000001,998204.0
12.04,998215.0
12.05,998230.0
12.059999999999999,998257.0
12.07,998271.0
12.08,998284.0
12.09,998297.0
12.1,998314.0
12.11,998326.0
12.120000000000001,998337.0
12.129999999999999,998348.0
12.14,998358.0
12.149999999999999,998371.0
12.16,998383.0
12.17,998387.0
12.18,998393.0
12.19,998400.0
12.2,998412.0
12.21,998418.0
12.219999999999999,998428.0
12.23,998433.0
12.24,998438.0
12.25,998449.0
12.26,998450.0
12.27,998453.0
12.280000000000001,998457.0
12.29,998457.0
12.3,998464.0
12.309999999999999,998471.0
12.32,998473.0
12.33,998473.0
12.34,998473.0
12.35,998473.0
12.36,998475.0
12.370000000000001,998474.0
12.379999999999999,998473.0
12.39,998472.0
12.399999999999999,998474.0
12.41,998475.0
12.42,998470.0
12.43,998473.0
12.44,998471.0
12.45,998468.0
12.46,998467.0
12.469999999999999,998466.0
12.48,998467.0
12.49,998467.0
12.5,998463.0
12.51,998465.0
12.52,998462.0
12.530000000000001,998465.0
12.54,998466.0
12.55,998466.0
12.559999999999999,998467.0
12.57,998467.0
12.58,998463.0
12.59,998466.0
12.6,998470.0
12.61,998471.0
12.620000000000001,998477.0
12.629999999999999,998478.0
12.64,998478.0
12.649999999999999,998475.0
12.66,998475.0
12.67,998474.0
12.68,998471.0
12.69,998473.0
12.7,998474.0
12.71,998471.0
12.719999999999999,998469.0
12.73,998464.0
12.74,998464.0
12.75,998468.0
12.76,998463.0
12.77,998465.0
12.780000000000001,998465.0
12.79,998469.0
12.8,998466.0
12.809999999999999,998467.0
12.82,998464.0
12.83,998460.0
12.84,998457.0
12.85,998455.0
12.86,998447.0
12.870000000000001,998445.0
12.879999999999999,998444.0
12.89,998438.0
12.899999999999999,998434.0
12.91,998438.0
12.92,998436.0
12.93,998433.0
12.94,998430.0
12.95,998426.0
12.96,998425.0
12.969999999999999,998424.0
12.98,998425.0
12.99,998424.0
13.0,998424.0
13.01,998424.0
13.02,998420.0
13.030000000000001,998419.0
13.04,998417.0
13.05,998414.0
13.059999999999999,998421.0
13.07,998424.0
13.08,998429.0
13.09,998431.0
13.1,998429.0
13.11,998428.0
13.120000000000001,998425.0
13.129999999999999,998427.0
13.14,998424.0
13.149999999999999,998426.0
13.16,998425.0
13.17,998423.0
13.18,998425.0
13.19,998422.0
13.2,998419.0
13.21,998424.0
13.219999999999999,998423.0
13.23,998418.0
13.24,998418.0
13.25,998436.0
13.26,998442.0
13.27,998445.0
13.280000000000001,998449.0
13.29,998453.0
13.3,998456.0
13.309999999999999,998457.0
13.32,998461.0
13.33,998463.0
13.34,998462.0
13.35,998462.0
13.36,998463.0
13.370000000000001,998469.0
13.379999999999999,998474.0
13.39,998479.0
13.399999999999999,998482.0
13.41,998484.0
13.42,998490.0
13.43,998488.0
13.44,998485.0
13.45,998479.0
13.46,998481.0
13.469999999999999,998481.0
13.48,998474.0
13.49,998468.0
13.5,998463.0
13.51,998465.0
13.52,998461.0
13.530000000000001,998457.0
13.54,998453.0
13.55,998450.0
13.559999999999999,998446.0
13.57,998450.0
13.58,998451.0
13.59,998455.0
13.6,998457.0
13.61,998453.0
13.620000000000001,998451.0
13.629999999999999,998457.0
13.64,998453.0
13.649999999999999,998444.0
13.66,998441.0
13.67,998437.0
13.68,998435.0
13.69,998433.0
13.7,998431.0
13.71,998429.0
13.719999999999999,998424.0
13.73,998421.0
13.74,998422.0
13.75,998427.0
13.76,998427.0
13.77,998426.0
13.780000000000001,998424.0
13.79,998423.0
13.8,998420.0
13.809999999999999,998414.0
13.82,998411.0
13.83,998407.0
13.84,998403.0
13.85,998406.0
13.86,998408.0
13.870000000000001,998410.0
13.879999999999999,998411.0
13.89,998416.0
13.899999999999999,998414.0
13.91,998410.0
13.92,998412.0
13.93,998408.0
13.94,998411.0
13.95,998414.0
13.96,998412.0
13.969999999999999,998412.0
13.98,998411.0
13.99,998411.0
14.0,998408.0
14.01,998407.0
14.02,998404.0
14.030000000000001,998397.0
14.04,998396.0
14.05,998397.0
14.059999999999999,998395.0
14.07,998391.0
14.08,998390.0
14.09,998395.0
14.1,998395.0
14.11,998392.0
14.120000000000001,998390.0
14.129999999999999,998390.0
14.14,998392.0
14.149999999999999,998392.0
14.16,998389.0
14.17,998386.0
14.18,998386.0
14.19,998386.0
14.2,998387.0
14.21,998386.0
14.219999999999999,998381.0
14.23,998379.0
14.24,998378.0
14.25,998373.0
14.26,998375.0
14.27,998374.0
14.280000000000001,998373.0
14.29,998375.0
14.3,998374.0
14.309999999999999,998374.0
14.32,998375.0
14.33,998375.0
14.34,998374.0
14.35,998373.0
14.36,998373.0
14.370000000000001,998371.0
14.379999999999999,998366.0
14.39,998366.0
14.399999999999999,998369.0
14.41,998367.0
14.42,998371.0
14.43,998370.0
14.44,998364.0
14.45,998361.0
14.46,998369.0
14.469999999999999,998370.0
14.48,998365.0
14.49,998365.0
14.5,998364.0
14.51,998363.0
14.52,998359.0
14.530000000000001,998359.0
14.54,998357.0
14.55,998356.0
14.559999999999999,998358.0
14.57,998355.0
14.58,998352.0
14.59,998353.0
14.6,998355.0
14.61,998355.0
14.620000000000001,998354.0
14.629999999999999,998359.0
14.64,998356.0
14.649999999999999,998360.0
14.66,998361.0
14.67,998359.0
14.68,998358.0
14.69,998359.0
14.7,998360.0
14.71,998353.0
14.719999999999999,998351.0
14.73,998351.0
14.74,998347.0
14.75,998345.0
14.76,998344.0
14.77,998344.0
14.780000000000001,998343.0
14.79,998337.0
14.8,998339.0
14.809999999999999,998338.0
14.82,998337.0
14.83,998335.0
14.84,998334.0
14.85,998336.0
14.86,998337.0
14.870000000000001,998336.0
14.879999999999999,998337.0
14.89,998335.0
14.899999999999999,998350.0
14.91,998351.0
14.92,998350.0
14.93,998348.0
14.94,998349.0
14.95,998349.0
14.96,998349.0
14.969999999999999,998360.0
14.98,998362.0
14.99,998366.0
15.0,998371.0
15.01,998370.0
15.02,998372.0
15.030000000000001,998371.0
15.04,998370.0
15.05,998366.0
15.059999999999999,998368.0
15.07,998375.0
15.08,998374.0
15.09,998375.0
15.1,998376.0
15.11,998374.0
15.120000000000001,998378.0
15.129999999999999,998377.0
15.14,998376.0
15.149999999999999,998375.0
15.16,998375.0
15.17,998378.0
15.18,998382.0
15.19,998381.0
15.2,998377.0
15.21,998373.0
15.219999999999999,998372.0
15.23,998372.0
15.24,998370.0
15.25,998371.0
15.26,998374.0
15.27,998376.0
15.280000000000001,998379.0
15.29,998381.0
15.3,998383.0
15.309999999999999,998378.0
15.32,998373.0
15.33,998366.0
15.34,998376.0
15.35,998372.0
15.36,998370.0
15.370000000000001,998368.0
15.379999999999999,998368.0
15.39,998366.0
15.399999999999999,998367.0
15.41,998365.0
15.42,998370.0
15.43,998365.0
15.44,998365.0
15.45,998360.0
15.46,998355.0
15.469999999999999,998356.0
15.48,998356.0
15.49,998355.0
15.5,998355.0
15.51,998357.0
15.52,998357.0
15.530000000000001,998356.0
15.54,998353.0
15.55,998358.0
15.559999999999999,998363.0
15.57,998364.0
15.58,998364.0
15.59,998360.0
15.6,998364.0
15.61,998362.0
15.620000000000001,998365.0
15.629999999999999,998368.0
15.64,998371.0
15.649999999999999,998377.0
15.66,998377.0
15.67,998376.0
15.68,998377.0
15.69,998371.0
15.7,998370.0
15.71,998367.0
15.719999999999999,998363.0
15.73,998360.0
15.74,998360.0
15.75,998357.0
15.76,998348.0
15.77,998345.0
15.780000000000001,998347.0
15.79,998342.0
15.8,998341.0
15.809999999999999,998342.0
15.82,998339.0
15.83,998339.0
15.84,998337.0
15.85,998340.0
15.86,998340.0
15.870000000000001,998336.0
15.879999999999999,998334.0
15.89,998332.0
15.9,998330.0
15.91,998326.0
15.92,998327.0
15.93,998325.0
15.94,998330.0
15.95,998327.0
15.96,998321.0
15.969999999999999,998321.0
15.98,998319.0
15.99,998324.0
16.0,998324.0
16.009999999999998,998323.0
16.02,998321.0
16.03,998324.0
16.04,998327.0
16.05,998327.0
16.06,998323.0
16.07,998323.0
16.08,998321.0
16.09,998321.0
16.1,998322.0
16.11,998319.0
16.12,998318.0
16.13,998321.0
16.14,998317.0
16.15,998317.0
16.16,998317.0
16.17,998317.0
16.18,998320.0
16.19,998322.0
16.2,998317.0
16.21,998319.0
16.22,998320.0
16.23,998316.0
16.24,998314.0
16.25,998317.0
16.259999999999998,998315.0
16.27,998314.0
16.28,998317.0
16.29,998314.0
16.3,998315.0
16.31,998311.0
16.32,998314.0
16.33,998318.0
16.34,998319.0
16.35,998318.0
16.36,998316.0
16.37,998320.0
16.38,998320.0
16.39,998320.0
16.4,998322.0
16.41,998318.0
16.42,998316.0
16.43,998318.0
16.44,998320.0
16.45,998322.0
16.46,998323.0
16.47,998325.0
16.48,998324.0
16.49,998323.0
16.5,998323.0
16.509999999999998,998325.0
16.52,998322.0
16.53,998321.0
16.54,998320.0
16.55,998318.0
16.56,998319.0
16.57,998318.0
16.58,998317.0
16.59,998317.0
16.6,998316.0
16.61,998313.0
16.62,998315.0
16.63,998317.0
16.64,998311.0
16.65,998307.0
16.66,998308.0
16.67,998304.0
16.68,998302.0
16.69,998301.0
16.7,998297.0
16.71,998294.0
16.72,998290.0
16.73,998292.0
16.74,998295.0
16.75,998296.0
16.759999999999998,998297.0
16.77,998299.0
16.78,998297.0
16.79,998295.0
16.8,998297.0
16.81,998297.0
16.82,998298.0
16.83,998299.0
16.84,998303.0
16.85,998303.0
16.86,998304.0
16.87,998306.0
16.88,998305.0
16.89,998306.0
16.9,998302.0
16.91,998303.0
16.92,998304.0
16.93,998307.0
16.94,998310.0
16.95,998315.0
16.96,998314.0
16.97,998312.0
16.98,998316.0
16.99,998313.0
17.0,998308.0
17.009999999999998,998311.0
17.02,998309.0
17.03,998309.0
17.04,998309.0
17.05,998306.0
17.06,998304.0
17.07,998305.0
17.08,998307.0
17.09,998309.0
17.1,998308.0
17.11,998310.0
17.12,998311.0
17.13,998311.0
17.14,998312.0
17.15,998310.0
17.16,998312.0
17.17,998314.0
17.18,998316.0
17.19,998314.0
17.2,998314.0
17.21,998319.0
17.22,998320.0
17.23,998318.0
17.24,998319.0
17.25,998319.0
17.259999999999998,998323.0
17.27,998325.0
17.28,998324.0
17.29,998320.0
17.3,998322.0
17.31,998320.0
17.32,998320.0
17.33,998317.0
17.34,998318.0
17.35,998314.0
17.36,998314.0
17.37,998314.0
17.38,998311.0
17.39,998306.0
17.4,998305.0
17.41,998300.0
17.42,998298.0
17.43,998300.0
17.44,998299.0
17.45,998293.0
17.46,998294.0
17.47,998294.0
17.48,998295.0
17.49,998297.0
17.5,998296.0
17.509999999999998,998295.0
17.52,998298.0
17.53,998298.0
17.54,998298.0
17.55,998297.0
17.56,998300.0
17.57,998300.0
17.58,998301.0
17.59,998300.0
17.6,998300.0
17.61,998298.0
17.62,998297.0
17.63,998298.0
17.64,998301.0
17.65,998306.0
17.66,998305.0
17.67,998305.0
17.68,998302.0
17.69,998302.0
17.7,998297.0
17.71,998295.0
17.72,998298.0
17.73,998294.0
17.74,998292.0
17.75,998292.0
17.759999999999998,998298.0
17.77,998293.0
17.78,998292.0
17.79,998292.0
17.8,998291.0
17.81,998290.0
17.82,998292.0
17.83,998292.0
17.84,998290.0
17.85,998291.0
17.86,998294.0
17.87,998297.0
17.88,998297.0
17.89,998295.0
17.9,998294.0
17.91,998292.0
17.92,998291.0
17.93,998287.0
17.94,998287.0
17.95,998285.0
17.96,998279.0
17.97,998273.0
17.98,998274.0
17.99,998271.0
18.0,998269.0
18.01,998271.0
18.02,998269.0
18.03,998267.0
18.04,998264.0
18.05,998266.0
18.06,998264.0
18.07,998262.0
18.08,998263.0
18.09,998258.0
18.1,998258.0
18.11,998258.0
18.12,998256.0
18.13,998255.0
18.14,998255.0
18.15,998259.0
18.16,998263.0
18.17,998259.0
18.18,998262.0
18.19,998260.0
18.2,998260.0
18.21,998264.0
18.22,998263.0
18.23,998264.0
18.24,998263.0
18.25,998261.0
18.26,998258.0
18.27,998257.0
18.28,998255.0
18.29,998257.0
18.3,998263.0
18.31,998263.0
18.32,998262.0
18.33,998260.0
18.34,998257.0
18.35,998257.0
18.36,998255.0
18.37,998259.0
18.38,998255.0
18.39,998258.0
18.4,998258.0
18.41,998261.0
18.42,998263.0
18.43,998262.0
18.44,998264.0
18.45,998260.0
18.46,998259.0
18.47,998262.0
18.48,998259.0
18.49,998258.0
18.5,998258.0
18.51,998258.0
18.52,998256.0
18.53,998256.0
18.54,998256.0
18.55,998255.0
18.56,998247.0
18.57,998245.0
18.58,998247.0
18.59,998247.0
18.6,998247.0
18.61,998248.0
18.62,998249.0
18.63,998248.0
18.64,998249.0
18.65,998248.0
18.66,998247.0
18.67,998248.0
18.68,998248.0
18.69,998247.0
18.7,998248.0
18.71,998253.0
18.72,998252.0
18.73,998256.0
18.74,998254.0
18.75,998255.0
18.76,998255.0
18.77,998253.0
18.78,998255.0
18.79,998255.0
18.8,998255.0
18.81,998256.0
18.82,998257.0
18.83,998257.0
18.84,998255.0
18.85,998257.0
18.86,998258.0
18.87,998259.0
18.88,998255.0
18.89,998256.0
18.9,998255.0
18.91,998254.0
18.92,998256.0
18.93,998251.0
18.94,998249.0
18.95,998250.0
18.96,998253.0
18.97,998253.0
18.98,998252.0
18.99,998251.0
19.0,998249.0
19.01,998251.0
19.02,998245.0
19.03,998242.0
19.04,998242.0
19.05,998243.0
19.06,998243.0
19.07,998242.0
19.08,998243.0
19.09,998241.0
19.1,998244.0
19.11,998250.0
19.12,998247.0
19.13,998245.0
19.14,998246.0
19.15,998247.0
19.16,998246.0
19.17,998246.0
19.18,998249.0
19.19,998249.0
19.2,998248.0
19.21,998248.0
19.22,998247.0
19.23,998250.0
19.24,998249.0
19.25,998248.0
19.26,998247.0
19.27,998243.0
19.28,998242.0
19.29,998241.0
19.3,998244.0
19.31,998246.0
19.32,998248.0
19.33,998250.0
19.34,998249.0
19.35,998247.0
19.36,998248.0
19.37,998246.0
19.38,998245.0
19.39,998242.0
19.4,998243.0
19.41,998243.0
19.42,998242.0
19.43,998241.0
19.44,998242.0
19.45,998246.0
19.46,998246.0
19.47,998245.0
19.48,998246.0
19.49,998246.0
19.5,998244.0
19.51,998242.0
19.52,998243.0
19.53,998244.0
19.54,998244.0
19.55,998242.0
19.56,998244.0
19.57,998241.0
19.58,998237.0
19.59,998239.0
19.6,998241.0
19.61,998239.0
19.62,998243.0
19.63,998244.0
19.64,998241.0
19.65,998239.0
19.66,998237.0
19.67,998236.0
19.68,998237.0
19.69,998237.0
19.7,998235.0
19.71,998232.0
19.72,998230.0
19.73,998227.0
19.74,998230.0
19.75,998235.0
19.76,998238.0
19.77,998235.0
19.78,998237.0
19.79,998239.0
19.8,998238.0
19.81,998240.0
19.82,998243.0
19.83,998242.0
19.84,998240.0
19.85,998243.0
19.86,998242.0
19.87,998239.0
19.88,998237.0
19.89,998240.0
19.9,998242.0
19.91,998239.0
19.92,998236.0
19.93,998236.0
19.94,998239.0
19.95,998241.0
19.96,998239.0
19.97,998238.0
19.98,998238.0
19.99,998235.0
20.0,998236.0
