time,flux,
0.01,4886.739720720019
0.02,9285.692856763073
0.03,14737.43078198573
0.04,21108.53858821041
0.05,28635.97013428683
0.06,38059.92349915045
0.07000000000000001,47451.13937300593
0.08,58350.81545413998
0.09,71504.79952677718
0.09999999999999999,87198.95509191389
0.11,103474.1915389282
0.12,123617.8724981423
0.13,141688.0410075252
0.14,163054.8813146117
0.15,190804.4144602797
0.16,218095.5624000164
0.17,246601.5622242264
0.18,285620.8953961108
0.19,320793.3250934535
0.2,361196.390976427
0.21,384147.9390435957
0.22,439358.3687331923
0.23,494863.4682910024
0.24,528637.2269763235
0.25,568747.0564369221
0.26,602007.023153475
0.27,640282.0813266672
0.28,686012.1464094716
0.29,754481.4242745086
0.3,812176.107607323
0.31,840957.5893033464
0.32,851308.1430590209
0.33,857428.0240996298
0.34,852612.5496880066
0.35,849165.4391488939
0.36,846871.2511637886
0.37,846011.6910528763
0.38,845798.1257849046
0.39,846452.9971392606
0.4,848385.1046848245
0.41,850645.2597175125
0.42,852399.9366844405
0.43,854401.3424674977
0.44,856868.4408578349
0.45,859026.5915026625
0.46,861537.1123882848
0.47,863867.4785018797
0.48,866375.0531737405
0.49,869113.7291081821
0.5,871815.8468191922
0.51,874431.9371171911
0.52,877130.8035413544
0.53,879692.1715024798
0.54,882203.3678567555
0.55,884845.30467952
0.5600000000000001,887476.3156622829
0.5700000000000001,890002.0807080058
0.5800000000000001,892418.8386693867
0.59,894823.017981397
0.6,897205.7967034114
0.61,899559.3056326204
0.62,901960.6112431985
0.63,903907.904681972
0.64,906420.2239000144
0.65,908392.1822692518
0.66,910638.0408181208
0.67,912912.0871360522
0.68,914954.4651600652
0.6900000000000001,916988.5437698402
0.7,919009.3813010975
0.71,920946.1735348032
0.72,922777.6012072499
0.73,924714.1750805278
0.74,926567.5327195737
0.75,928228.5691056879
0.76,930039.4374520314
0.77,931716.447510318
0.78,933255.0530014487
0.79,934840.9410301017
0.7999999999999999,936419.1455752045
0.8099999999999999,938016.1054063396
0.82,939445.9788689559
0.83,940866.7064237167
0.84,942233.7041424287
0.85,943697.6355199367
0.86,945179.4298550158
0.87,946490.5678438281
0.88,947793.0826986289
0.89,949255.4049192811
0.9,950530.6177785748
0.9099999999999999,950561.4777964405
0.9199999999999999,952914.3690925358
0.9299999999999999,954053.7461281529
0.9399999999999999,955062.763653882
0.95,956123.4379037116
0.9600000000000001,957128.8494936131
0.9700000000000001,958134.3276443325
0.98,959320.7214199665
0.9900000000000001,960303.478198342
1,961114.6980587651
1.01,962134.2158163715
1.02,963061.0467264132
1.03,963952.1574202945
1.04,964776.689474231
1.05,965775.3793277481
1.06,966575.5250019702
1.07,967389.6929622644
1.08,968099.3980298445
1.09,968895.1019271468
1.1,969609.749369556
1.11,970386.8878770708
1.12,971047.6339541035
1.13,971744.9870164661
1.14,972575.957298037
1.15,973203.0324736667
1.16,973934.0916130401
1.17,974586.4410601833
1.18,975217.4880214687
1.19,975793.7038083459
1.2,976414.053801477
1.21,977295.7155738283
1.22,977919.3100498588
1.23,978454.8612540615
1.24,978949.0665698149
1.25,979402.4163698382
1.26,979738.9908620787
1.27,980900.3885865789
1.28,981362.4177744064
1.29,981899.9081515839
1.3,982251.5026560711
1.31,982616.6431078422
1.32,983037.6288352151
1.33,983451.2933337282
1.34,983850.4264030508
1.35,984237.6430204291
1.36,984592.937074398
1.37,984971.0596027748
1.38,985282.4411298496
1.39,985611.8532044102
1.4,985939.089935355
1.41,986293.8928844096
1.42,986673.5124501404
1.43,986955.8636269114
1.44,987303.4274816344
1.45,987596.4433648551
1.46,987841.9509922388
1.47,988160.6208852392
1.48,988347.8989487984
1.49,988737.0929278719
1.5,988987.641567752
1.51,989260.1448648897
1.52,989542.7081934493
1.53,989764.8275923738
1.54,990099.6038270169
1.55,990407.4407348912
1.56,990639.67664291
1.57,990800.9379693227
1.58,990961.6293521314
1.59,991190.7223854682
1.6,991499.6815468033
1.61,991736.3946471334
1.62,991931.1275397522
1.63,992129.4633219959
1.64,992337.5995591178
1.65,992477.2624689636
1.66,992742.0386393976
1.67,992916.7325768149
1.68,993136.4284418125
1.69,993341.8968480349
1.7,993534.1665530787
1.71,993709.6274912987
1.72,993850.7233759372
1.73,993991.3026005978
1.74,994129.0895252324
1.75,994285.2614739009
1.76,994407.1876058073
1.77,994556.1678034713
1.78,994696.1417841404
1.79,994817.8393995402
1.8,994893.5944674837
1.81,995066.4715300811
1.82,995217.9937862606
1.83,995408.1995540451
1.84,995514.2269507558
1.85,995611.1457185461
1.86,995602.6810996352
1.87,995768.8052032482
1.88,995904.8600094286
1.89,996014.9294051894
1.9,996080.5318341063
1.91,996137.9763287043
1.92,996198.8809199414
1.93,996254.8999107458
1.94,995339.5040166187
1.95,996652.4787375567
1.96,996708.4810681379
1.97,996822.7686782565
1.98,996842.1240993465
1.99,996891.520013232
2,996969.0023867958
2.01,996987.6728635555
2.02,997063.7118762062
2.03,997190.4058790404
2.04,996897.9889846176
2.05,997169.0045443581
2.06,997414.3427794949
2.07,997531.070059694
2.08,997547.3269664496
2.09,997625.750158413
2.1,997646.3253596419
2.11,997822.5478739935
2.12,997841.4000183151
2.13,997907.3649826208
2.14,997946.7190803481
2.15,998017.4549644971
2.16,998182.9751673375
2.17,998241.8929815317
2.18,998320.4694399275
2.19,998369.3277645017
2.2,998393.4831503911
2.21,998433.6638528215
2.22,998500.8792742392
2.23,998546.7165581315
2.24,998617.60171978
2.25,998664.3647649827
2.26,998690.4361575065
2.27,998714.6210440391
2.28,998738.108659227
2.29,998808.9372611662
2.3,998844.0577760411
2.31,998868.4649337564
2.32,998905.5573536416
2.33,998929.7932189036
2.34,998957.3953700091
2.35,998974.1358534178
2.36,999009.4812077163
2.37,999042.8492232041
2.38,999050.3942611053
2.39,999102.8317306797
2.4,999126.3325392638
2.41,999154.8146950693
2.42,999196.4442647292
2.43,999217.6338080073
2.44,999238.5346886644
2.45,999264.7705506423
2.46,999311.2736174717
2.47,999317.9818744842
2.48,999352.7131950335
2.49,999352.7826157444
2.5,999369.7405391203
2.51,999364.8947554633
2.52,999387.8491731677
2.53,999390.5298431922
2.54,999406.5729800725
2.55,999430.4481743046
2.56,999453.6680100712
2.57,999489.3625112718
2.58,999503.283428809
2.59,999533.2166326126
2.6,999536.5932792968
2.61,999544.391854001
2.62,999547.8643068257
2.63,999558.3889600219
2.64,999562.4469273145
2.65,999592.9415179811
2.66,999603.5217986066
2.67,999631.5586603411
2.68,999646.4792166613
2.69,999657.8014550469
2.7,999667.6138915869
2.71,999683.3581578593
2.72,999700.6549132379
2.73,999710.8650988854
2.74,999708.341611134
2.75,999720.7166123267
2.76,999739.1775705719
2.77,999754.465008596
2.78,999743.8398301119
2.79,999758.9412120068
2.8,999788.1428784814
2.81,999813.3944197155
2.82,999819.3159825463
2.83,999823.3233104828
2.84,999834.5632860092
2.85,999822.5807100355
2.86,999828.902953595
2.87,999841.2709906497
2.88,999850.8856702995
2.89,999885.0349398676
2.9,999887.4464952878
2.91,999887.9906080201
2.92,999892.4702950558
2.93,999897.4251975714
2.94,999891.5984997358
2.95,999902.4925678337
2.96,999902.5566983217
2.97,999907.862614247
2.98,999890.8210395769
2.99,999881.4717582868
3,999883.8971898853
3.01,999878.1346937761
3.02,999880.7205211488
3.03,999890.0802323543
3.04,999886.8904059067
3.05,999890.6059036647
3.06,999895.5295417181
3.07,999900.0011732933
3.08,999899.818267015
3.09,999906.7793241161
3.1,999906.1551757519
3.11,999903.3444368631
3.12,999899.3763034913
3.13,999905.2034154405
3.14,999911.8606242823
3.15,999913.3414856631
3.16,999912.0325773405
3.17,999911.5795058574
3.18,999914.1975912059
3.19,999909.6830189559
3.2,999910.4734630489
3.21,999912.0121114751
3.22,999912.522342575
3.23,999914.1238436846
3.24,999915.1241857014
3.25,999922.8581265111
3.26,999940.7802386136
3.27,999954.0237322485
3.28,999956.5738986948
3.29,999957.350558796
3.3,999959.6395321878
3.31,999962.3737715745
3.32,999971.188399307
3.33,999974.1501883639
3.34,999977.1457832963
3.35,999974.1201601684
3.36,999977.2645133199
3.37,999976.3310265394
3.38,999987.9309625537
3.39,999989.089328478
3.4,999991.3241463772
3.41,999990.4395586586
3.42,999990.5602485492
3.43,999991.1837339926
3.44,999933.5952681305
3.45,999934.0726336716
3.46,999987.7338357987
3.47,1000005.747113232
3.48,1000018.510368455
3.49,1000014.660319733
3.5,1000008.926764198
3.51,1000000.075098542
3.52,999986.0428667162
3.53,1000000.454762752
3.54,1000018.314056877
3.55,1000034.261154682
3.56,1000043.794495293
3.57,1000041.220310978
3.58,1000040.882278921
3.59,1000038.952476898
3.6,1000044.135107653
3.61,1000038.446465071
3.62,1000038.317979396
3.63,1000044.384250753
3.64,1000044.054576741
3.65,1000040.546106823
3.66,1000037.043699236
3.67,1000026.623693317
3.68,1000030.117680978
3.69,1000052.763276728
3.7,1000062.208683765
3.71,1000071.980188997
3.72,1000072.499914342
3.73,1000072.385308069
3.74,1000072.980598105
3.75,1000072.011280832
3.76,1000069.316305554
3.77,1000073.904926175
3.78,1000081.689665688
3.79,1000080.936969178
3.8,1000080.874986806
3.81,1000073.202904156
3.82,1000074.142405135
3.83,1000070.988662766
3.84,1000071.97706316
3.850000000000001,1000072.027076075
3.86,1000070.931918381
3.87,1000070.478983919
3.88,1000072.923764838
3.89,1000083.657473856
3.9,1000078.702972748
3.91,1000079.582583026
3.92,1000078.661957998
3.930000000000001,1000077.994727575
3.94,1000076.964912099
3.95,1000070.612674937
3.96,1000068.414531511
3.97,1000073.384255066
3.98,1000069.866553844
3.99,1000059.701310948
4,1000069.668243142
4.01,1000070.509553234
4.02,1000072.603168844
4.03,1000068.737390203
4.04,1000075.898275044
4.05,1000030.235841833
4.06,1000034.281022915
4.07,1000055.162371475
4.08,1000055.207525678
4.09,1000059.158529102
4.1,1000056.436826356
4.11,1000054.102793626
4.12,1000053.414385015
4.13,1000083.423728424
4.140000000000001,1000081.756706954
4.15,1000086.970892579
4.16,1000081.058115377
4.17,1000081.770551658
4.18,1000081.843328537
4.19,1000074.365992845
4.2,1000076.712744426
4.21,1000076.624910352
4.220000000000001,1000074.495075546
4.23,1000054.637459093
4.24,1000046.488940678
4.25,1000044.33525514
4.26,1000042.411673113
4.27,1000035.014475981
4.279999999999999,1000041.815525203
4.29,1000039.819904209
4.300000000000001,1000040.390339412
4.31,1000038.050402171
4.32,1000034.28331744
4.33,1000034.851877941
4.34,1000033.762050507
4.35,1000042.885066482
4.359999999999999,1000033.181682755
4.37,1000032.522038721
4.380000000000001,1000034.956308933
4.390000000000001,1000035.397109899
4.4,1000033.263208952
4.41,1000034.992074791
4.42,1000033.004772583
4.43,1000048.773982541
4.44,1000046.911563544
4.45,1000046.041304494
4.460000000000001,1000051.212015084
4.470000000000001,1000052.852062166
4.48,1000049.598974953
4.49,1000043.329157406
4.5,1000043.804179441
4.51,1000043.051468601
4.52,1000043.994873544
4.53,1000047.635411055
4.54,1000048.546871261
4.550000000000001,1000051.413029558
4.56,1000047.056495205
4.57,1000044.546762014
4.58,1000048.093622498
4.59,1000046.811241248
4.6,1000046.65590773
4.61,1000050.985982987
4.62,1000050.071804354
4.63,1000049.379705474
4.640000000000001,1000050.721241553
4.65,1000053.16455126
4.66,1000053.66550697
4.67,1000049.198652963
4.68,1000040.589853638
4.69,1000038.770224609
4.7,1000042.692302704
4.71,1000045.317838341
4.72,1000041.256352428
4.73,1000038.870761908
4.74,1000037.716656091
4.75,1000032.610220666
4.76,1000032.381200474
4.77,1000032.085402023
4.78,1000032.536406397
4.79,1000032.332062172
4.8,1000033.657416539
4.81,1000035.455744689
4.82,1000035.726055157
4.83,1000035.031236207
4.84,1000035.853940837
4.850000000000001,1000037.640937787
4.86,1000039.00139525
4.87,1000037.95854723
4.88,1000039.47927852
4.89,1000023.868593814
4.9,1000029.808748748
4.91,1000031.207435929
4.92,1000031.613165481
4.930000000000001,1000001.077429628
4.94,1000002.630052413
4.95,1000002.468425194
4.96,1000002.885708168
4.97,1000002.073513376
4.98,999994.3970263845
4.99,999993.2938340724
5,999996.3212282215
5.010000000000001,1000002.296418687
5.02,999854.7856430719
5.03,1000019.95510606
5.04,1000027.904724666
5.05,1000034.124153267
5.06,1000041.550432607
5.069999999999999,1000035.058830748
5.08,1000035.084849569
5.090000000000001,999994.0347160976
5.100000000000001,999993.6710263104
5.11,1000021.89516976
5.12,1000060.850804706
5.13,1000077.256205547
5.14,1000078.362665708
5.149999999999999,1000078.626428003
5.16,1000078.013718671
5.170000000000001,1000074.79321113
5.180000000000001,1000073.650628658
5.19,1000030.194699916
5.2,1000042.178260293
5.21,1000042.668580141
5.22,1000074.802721824
5.23,1000072.695000745
5.24,1000071.599148552
5.25,1000071.928796514
5.260000000000001,1000070.567029086
5.27,1000072.699561904
5.28,1000071.291468465
5.29,1000075.68766754
5.3,1000069.406436198
5.31,1000067.751607834
5.32,1000070.273376896
5.33,1000068.762317763
5.34,1000067.182333249
5.350000000000001,1000063.577212326
5.36,1000063.660266794
5.37,1000062.51374584
5.38,1000067.325298017
5.39,1000063.714169409
5.4,1000057.281009339
5.41,1000055.961033823
5.42,1000056.844793895
5.430000000000001,1000056.84352763
5.44,1000053.75269425
5.45,1000054.686150151
5.46,1000051.613213559
5.47,1000050.29160325
5.48,1000048.785044921
5.49,1000050.696055317
5.5,1000049.389710329
5.51,1000051.302161066
5.52,1000047.430314103
5.53,1000045.557581679
5.54,1000049.998411809
5.55,1000051.628624429
5.56,1000050.874825909
5.57,1000049.916999771
5.58,1000048.516025777
5.59,1000044.916227988
5.6,1000044.354757569
5.61,1000046.184777668
5.62,1000045.134762491
5.63,1000044.043558327
5.640000000000001,1000039.984614661
5.65,1000037.583085058
5.66,1000038.012365359
5.67,1000036.359284534
5.68,1000036.392011136
5.69,1000035.804623227
5.7,1000031.967123313
5.71,1000031.845367321
5.720000000000001,1000032.165374743
5.73,1000034.470668345
5.74,1000034.280250857
5.75,1000037.909943468
5.76,1000047.796965794
5.77,1000047.607115723
5.779999999999999,1000047.756009141
5.79,1000049.77685198
5.800000000000001,1000047.014511489
5.81,1000053.07261867
5.82,1000056.868192465
5.83,1000079.234674736
5.84,1000081.805210423
5.85,1000087.406416356
5.859999999999999,1000080.322627163
5.87,1000078.001444213
5.880000000000001,1000074.728475673
5.890000000000001,1000075.132182184
5.9,1000073.409349698
5.91,1000070.022657086
5.92,1000067.194548465
5.93,1000070.150926849
5.94,1000068.976076464
5.95,1000067.678105747
5.960000000000001,1000066.321544435
5.970000000000001,1000064.9421855
5.98,1000063.561434267
5.99,1000063.714909026
6,1000061.013920268
6.01,1000062.83506302
6.02,1000066.484039146
6.03,1000072.073731163
6.04,1000074.045710685
6.050000000000001,1000072.126429691
6.06,1000073.984041621
6.07,1000072.81212129
6.08,1000065.858798603
6.09,1000054.483316989
6.1,1000053.343921221
6.11,1000046.397896513
6.12,1000044.599030302
6.13,1000044.041218093
6.140000000000001,1000043.233253003
6.15,1000042.32761751
6.16,1000041.361777175
6.17,1000039.50181356
6.18,1000037.615437198
6.19,1000041.951538498
6.2,1000044.721184457
6.21,1000043.593004835
6.22,1000044.403891925
6.23,1000046.369965818
6.24,1000044.655379154
6.25,1000043.932560249
6.26,1000042.517463022
6.27,1000046.080752189
6.28,1000045.635061247
6.29,1000043.046917832
6.3,1000045.318694719
6.31,1000053.797962892
6.32,1000049.577663678
6.33,1000049.179229351
6.34,1000049.030454482
6.350000000000001,1000048.332049242
6.36,1000050.694508012
6.37,1000047.757826358
6.38,1000047.018292585
6.39,1000046.247445428
6.399999999999999,1000045.397069848
6.41,1000045.042645397
6.42,1000044.299728739
6.430000000000001,1000043.374018109
6.44,1000042.358487356
6.45,1000040.710381668
6.46,1000039.758893927
6.47,1000035.977963823
6.48,1000032.765854572
6.49,1000031.632751865
6.500000000000001,1000030.723526937
6.510000000000001,1000033.24638046
6.52,1000033.864971157
6.53,1000032.936573147
6.54,1000030.535665974
6.55,1000029.860036009
6.56,1000031.19133149
6.569999999999999,1000032.983128769
6.580000000000001,1000032.73875628
6.590000000000001,1000032.521767701
6.600000000000001,1000032.289017427
6.61,1000032.023996231
6.62,1000031.722821516
6.63,1000031.387354698
6.64,1000032.759789872
6.649999999999999,1000032.93528012
6.66,1000032.573369948
6.670000000000001,1000032.136804318
6.680000000000001,1000031.657574575
6.69,1000031.87409647
6.7,1000028.018758489
6.71,1000027.907518174
6.72,1000027.781186245
6.73,1000027.613327768
6.74,1000024.355615946
6.75,1000023.988112742
6.760000000000001,1000023.63916895
6.77,1000023.297998109
6.78,1000020.997468015
6.79,1000020.683384404
6.8,1000017.559227489
6.81,1000017.33193453
6.82,1000016.925336559
6.83,1000016.638015004
6.84,1000013.939132631
6.850000000000001,1000013.593193378
6.86,1000013.229172117
6.87,1000014.301779274
6.88,1000014.468070193
6.89,1000006.260016751
6.9,1000013.869675717
6.91,1000016.946292724
6.92,1000016.783697836
6.930000000000001,1000018.141705337
6.94,1000017.892364445
6.95,1000017.610805071
6.96,1000017.302624033
6.97,1000016.973736613
6.98,1000016.629955343
6.99,1000016.276554429
7,1000015.918029953
7.01,1000015.558039893
7.02,1000015.199455188
7.03,1000014.844462469
7.04,1000017.746187152
7.05,1000014.377987546
7.06,1000014.003789719
7.07,1000013.625302631
7.08,1000013.249540471
7.09,1000012.881364533
7.1,1000012.523464664
7.11,1000012.177051178
7.12,1000011.842479691
7.130000000000001,1000011.51965716
7.140000000000001,1000011.208272254
7.15,1000010.907916686
7.16,1000010.61814592
7.17,1000010.338508657
7.18,1000010.068560412
7.19,1000009.807869972
7.2,1000009.556021951
7.210000000000001,1000009.312618002
7.220000000000001,1000009.077277288
7.23,1000008.849636236
7.24,1000008.629348605
7.25,1000008.416085122
7.26,1000008.20953309
7.27,1000008.00939593
7.279999999999999,1000007.815392665
7.290000000000001,1000007.627257278
7.300000000000001,1000007.444738157
7.31,1000007.26759751
7.32,1000007.095610512
7.33,1000006.928564885
7.34,1000006.766259991
7.35,1000006.608506381
7.359999999999999,1000006.455124856
7.37,1000006.305946356
7.380000000000001,1000006.160810777
7.390000000000001,1000006.019566748
7.4,1000005.882071016
7.41,1000005.748188002
7.42,1000005.617789034
7.43,1000005.490752339
7.44,1000005.366962205
7.45,1000005.246308701
7.460000000000001,1000005.128687531
7.470000000000001,1000005.01399928
7.48,1000004.902149394
7.49,1000004.793047876
7.5,1000004.686608724
7.51,1000004.582749979
7.52,1000004.481393279
7.53,1000004.382463759
7.54,1000004.285889713
7.550000000000001,1000004.19160261
7.56,1000004.099536656
7.57,1000004.009628736
7.58,1000003.921818365
7.59,1000003.836047364
7.6,1000003.752259764
7.61,1000003.67040186
7.62,1000003.590421832
7.63,1000003.512269772
7.64,1000003.435897599
7.649999999999999,1000003.361258903
7.659999999999999,1000003.288308928
7.669999999999999,1000003.217004526
7.680000000000001,1000003.147303691
7.690000000000001,1000003.079166188
7.700000000000001,1000003.012552871
7.710000000000001,1000002.94742594
7.720000000000001,1000002.883748741
7.73,1000002.821485756
7.74,1000002.760602596
7.75,1000002.701065963
7.760000000000001,1000002.642843372
7.77,1000002.585903561
7.78,1000002.530215848
7.79,1000002.475750843
7.8,1000002.422479599
7.81,1000002.370374261
7.819999999999999,1000002.319407647
7.829999999999999,1000002.269553212
7.84,1000002.220785343
7.85,1000002.17307903
7.860000000000001,1000002.126409912
7.870000000000001,1000002.080754147
7.880000000000001,1000002.036088874
7.890000000000001,1000001.992391416
7.9,1000001.949639967
7.91,1000001.907813202
7.920000000000001,1000001.866890207
7.930000000000001,1000001.826850828
7.94,1000001.787675258
7.95,1000001.749344204
7.96,1000001.711838791
7.97,1000001.675140825
7.98,1000001.639232328
7.989999999999999,1000001.604095807
8,1000001.569714288
8.01,1000001.536071107
8.02,1000001.503150032
8.029999999999999,1000001.470935245
8.040000000000001,1000001.439411217
8.050000000000001,1000001.408562882
8.06,1000001.378375457
8.07,1000001.348834526
8.08,1000001.319926035
8.09,1000001.291636162
8.1,1000001.263951507
8.109999999999999,1000001.236859018
8.120000000000001,1000001.210345751
8.130000000000001,1000001.184399231
8.140000000000001,1000001.159007259
8.15,1000001.134157716
8.16,1000001.109839011
8.17,1000001.086039654
8.18,1000001.062748497
8.19,1000001.039954593
8.199999999999999,1000001.017647279
8.210000000000001,1000000.99581599
8.220000000000001,1000000.974450624
8.23,1000000.953541154
8.24,1000000.933077833
8.25,1000000.913051062
8.26,1000000.893451511
8.27,1000000.874270047
8.280000000000001,1000000.85549772
8.290000000000001,1000000.837125828
8.300000000000001,1000000.819145757
8.31,1000000.801549185
8.32,1000000.7843279
8.33,1000000.767473944
8.34,1000000.750979436
8.35,1000000.734836734
8.359999999999999,1000000.71903836
8.369999999999999,1000000.70357699
8.379999999999999,1000000.688445397
8.390000000000001,1000000.673636582
8.4,1000000.659143726
8.41,1000000.644960025
8.42,1000000.631078977
8.43,1000000.61749413
8.440000000000001,1000000.604199165
8.450000000000001,1000000.591187928
8.460000000000001,1000000.578454441
8.470000000000001,1000000.565992723
8.48,1000000.553797042
8.49,1000000.541861797
8.5,1000000.530181372
8.51,1000000.518750383
8.52,1000000.507563588
8.529999999999999,1000000.496615728
8.539999999999999,1000000.485901789
8.549999999999999,1000000.475416746
8.559999999999999,1000000.465155818
8.57,1000000.455114227
8.58,1000000.445287276
8.590000000000002,1000000.43567042
8.600000000000001,1000000.426259213
8.610000000000001,1000000.417049303
8.620000000000001,1000000.408036457
8.630000000000001,1000000.399216408
8.640000000000001,1000000.390585114
8.65,1000000.382138562
8.66,1000000.373872835
8.67,1000000.365784063
8.68,1000000.357868574
8.69,1000000.350122558
8.699999999999999,1000000.342542512
8.709999999999999,1000000.33512495
8.719999999999999,1000000.327866312
8.729999999999999,1000000.320763303
8.74,1000000.313812594
8.750000000000002,1000000.307010968
8.760000000000002,1000000.30035525
8.770000000000001,1000000.293842277
8.780000000000001,1000000.287469095
8.790000000000001,1000000.281232733
8.800000000000001,1000000.275130222
8.81,1000000.269158778
8.82,1000000.263315575
8.83,1000000.257597929
8.84,1000000.252003173
8.85,1000000.24652862
8.859999999999999,1000000.241171803
8.869999999999999,1000000.235930169
8.879999999999999,1000000.230801236
8.889999999999999,1000000.225782713
8.9,1000000.220872106
8.91,1000000.216067261
8.920000000000002,1000000.211365837
8.930000000000001,1000000.206765601
8.940000000000001,1000000.20226454
8.950000000000001,1000000.197860406
8.960000000000001,1000000.193551174
8.970000000000001,1000000.189334844
8.98,1000000.185209389
8.99,1000000.181172889
9,1000000.177223536
9.01,1000000.173359289
9.02,1000000.169578531
9.029999999999999,1000000.165879355
9.039999999999999,1000000.162260007
9.049999999999999,1000000.158718883
9.06,1000000.155254233
9.07,1000000.151864421
9.08,1000000.148547922
9.09,1000000.145303056
9.100000000000001,1000000.142128461
9.110000000000001,1000000.139022443
9.120000000000001,1000000.135983661
9.130000000000001,1000000.133010627
9.140000000000001,1000000.130101914
9.15,1000000.127256233
9.16,1000000.124472121
9.17,1000000.121748377
9.18,1000000.119083577
9.19,1000000.116476599
9.199999999999999,1000000.113926129
9.209999999999999,1000000.111430899
9.220000000000001,1000000.108989859
9.23,1000000.106601738
9.24,1000000.104265429
9.25,1000000.101979876
9.26,1000000.099743909
9.270000000000001,1000000.097556475
9.280000000000001,1000000.095416564
9.290000000000001,1000000.093323154
9.300000000000001,1000000.091275241
9.31,1000000.08927184
9.32,1000000.087312038
9.33,1000000.085394769
9.34,1000000.08351924
9.35,1000000.081684551
9.359999999999999,1000000.079889785
9.369999999999999,1000000.078134035
9.380000000000001,1000000.076416595
9.390000000000001,1000000.07473653
9.4,1000000.073093049
9.41,1000000.071485375
9.42,1000000.069912766
9.43,1000000.068374413
9.44,1000000.066869612
9.450000000000001,1000000.065397642
9.460000000000001,1000000.06395777
9.470000000000001,1000000.062549339
9.48,1000000.061171623
9.49,1000000.059823999
9.5,1000000.058505832
9.51,1000000.057216429
9.52,1000000.055955181
9.529999999999999,1000000.054721503
9.540000000000001,1000000.053514805
9.550000000000001,1000000.052334482
9.56,1000000.051179987
9.57,1000000.050050702
9.58,1000000.048946146
9.59,1000000.04786573
9.6,1000000.046809007
9.609999999999999,1000000.045775408
9.619999999999999,1000000.044764449
9.630000000000001,1000000.043775616
9.640000000000001,1000000.042808449
9.65,1000000.041862473
9.66,1000000.040937229
9.67,1000000.040032266
9.68,1000000.039147161
9.690000000000001,1000000.038281488
9.700000000000001,1000000.03743475
9.710000000000001,1000000.036606626
9.720000000000001,1000000.035796675
9.73,1000000.035004476
9.74,1000000.034229702
9.75,1000000.033471937
9.76,1000000.032730812
9.77,1000000.032006002
9.779999999999999,1000000.031297073
9.789999999999999,1000000.030603716
9.800000000000001,1000000.029925624
9.81,1000000.029262445
9.82,1000000.028613874
9.83,1000000.02797951
9.84,1000000.027359155
9.850000000000001,1000000.02675243
9.860000000000001,1000000.026159074
9.870000000000001,1000000.025578785
9.880000000000001,1000000.025011277
9.890000000000001,1000000.024456245
9.9,1000000.023913467
9.91,1000000.023382616
9.92,1000000.022863499
9.93,1000000.022355822
9.94,1000000.021859295
9.949999999999999,1000000.021373762
9.959999999999999,1000000.020898914
9.969999999999999,1000000.020434578
9.98,1000000.019980442
9.99,1000000.019536357
10,1000000.019102068
10.01,2545083.475349906
10.02,2374029.274258826
10.03,2238890.348963253
10.04,2124808.550213025
10.05,2026071.05663939
10.06,1939284.656080237
10.07,1862157.571106768
10.08,1792779.053845194
10.09,1730480.416249809
10.1,1673628.429030464
10.11,1622682.949825003
10.12,1575705.367961312
10.13,1532803.666048465
10.14,1493402.386170903
10.15,1457316.054386993
10.16,1424016.666353584
10.17,1393587.52385117
10.18,1365466.960076069
10.19,1339544.025522549
10.2,1315607.702192594
10.21,1293497.539494323
10.22,1272989.053922716
10.23,1254022.51140382
10.24,1236435.12750837
10.25,1220149.743627628
10.26,1205053.452644606
10.27,1191073.402835122
10.28,1178081.099114124
10.29,1166011.07407083
10.3,1154779.652902598
10.31,1144369.017457326
10.32,1134667.456493339
10.33,1125644.090082255
10.34,1117280.864043417
10.35,1109494.698878097
10.36,1102297.070174459
10.37,1095557.55346966
10.38,1089244.162389005
10.39,1083360.302315157
10.4,1077854.439841571
10.41,1072747.638361587
10.42,1067975.814837983
10.43,1063513.952716883
10.44,1059364.577620834
10.45,1055525.968372529
10.46,1051917.593882099
10.47,1048538.314283514
10.48,1045393.32604554
10.49,1042450.72065739
10.5,1039706.7175506
10.51,1037155.604365163
10.52,1034761.323659778
10.53,1032524.079677995
10.54,1030413.434026655
10.55,1028460.288229826
10.56,1026644.935362398
10.57,1024933.585343247
10.58,1023343.894071961
10.59,1021858.084211992
10.6,1020458.609346643
10.61,1019161.785781241
10.62,1017943.961111793
10.63,1016803.909712938
10.64,1015737.240259439
10.65,1014741.875011321
10.66,1013806.755673105
10.67,1012920.280265503
10.68,1012103.027427524
10.69,1011344.542943061
10.7,1010598.205134872
10.71,1009975.347804733
10.72,1009345.771987778
10.73,1008743.641104697
10.74,1008200.922788258
10.75,1007670.235422389
10.76,1007209.438408196
10.77,1006758.679058035
10.78,1006329.127456866
10.79,1005926.638219171
10.8,1005545.01603616
10.81,1005200.388923874
10.82,1004895.858349022
10.83,1004593.558491905
10.84,1004302.61672733
10.85,1004039.69520575
10.86,1003788.632323015
10.87,1003549.808826405
10.88,1003312.279911556
10.89,1003128.927617827
10.9,1002922.67052258
10.91,1002739.459688376
10.92,1002566.927712105
10.93,1002404.336663118
10.94,1002256.698059517
10.95,1002122.739099339
10.96,1001988.573417739
10.97,1001872.783286506
10.98,1001760.022626505
10.99,1001652.375995861
11,1001546.76611249
11.01,1001451.861878209
11.02,1001363.519169785
11.03,1001274.715301814
11.04,1001193.41684652
11.05,1001114.823100633
11.06,1001045.649930971
11.07,1000981.347835832
11.08,1000918.628004348
11.09,1000863.176222393
11.1,1000817.953746619
11.11,1000767.552006057
11.12,1000718.750704511
11.13,1000676.240584743
11.14,1000634.507374085
11.15,1000597.598101707
11.16,1000562.156081392
11.17,1000525.462106051
11.18,1000499.014735729
11.19,1000472.659538085
11.2,1000441.24643404
11.21,1000413.00141069
11.22,1000388.299930762
11.23,1000364.419584803
11.24,1000341.249822299
11.25,1000320.907676698
11.26,1000298.797504378
11.27,1000279.797725422
11.28,1000263.469724958
11.29,1000246.54218811
11.3,1000229.093363165
11.31,1000216.034525875
11.32,1000200.801889095
11.33,1000191.351386312
11.34,1000180.614704523
11.35,1000170.675825334
11.36,1000164.138861509
11.37,1000155.589595352
11.38,1000144.7686976
11.39,1000133.539764646
11.4,1000126.118131114
11.41,1000126.98433033
11.42,1000123.163848013
11.43,1000117.810671604
11.44,1000109.745028322
11.45,1000103.565997225
11.46,1000097.391437936
11.47,1000088.894430529
11.48,1000082.816538962
11.49,1000078.907574486
11.5,1000071.019243953
11.51,1000066.897538825
11.52,1000059.643286991
11.53,1000048.436340728
11.54,1000044.845581027
11.55,1000042.306748635
11.56,1000040.352194572
11.57,1000037.845150298
11.58,1000036.390751757
11.59,1000030.074383791
11.6,1000031.603086212
11.61,1000031.831846926
11.62,1000028.676601773
11.63,1000027.877773899
11.64,1000027.731941162
11.65,1000024.235084179
11.66,1000021.932902756
11.67,1000022.658118496
11.68,1000010.760501566
11.69,1000010.224516091
11.7,1000011.087590978
11.71,1000008.797550948
11.72,1000008.31888481
11.73,1000009.302697666
11.74,1000006.77378664
11.75,1000009.078068085
11.76,1000010.366158764
11.77,1000002.980023728
11.78,999995.3601650872
11.79,999996.6011808566
11.8,999994.9028656123
11.81,999995.1383677146
11.82,999963.7669854414
11.83,999979.1772235116
11.84,999982.6710606058
11.85,1000004.900497651
11.86,1000003.576471454
11.87,1000003.485432597
11.88,1000024.891997417
11.89,1000021.300461371
11.9,1000019.762018827
11.91,1000019.306319324
11.92,1000014.961490873
11.93,1000011.670417146
11.94,1000011.770880166
11.95,1000008.887470247
11.96,1000008.067419456
11.97,1000009.914098666
11.98,1000007.91019144
11.99,1000011.089534223
12,1000012.026395325
12.01,1000009.7146542
12.02,1000007.748826238
12.03,1000000.80772623
12.04,1000029.629465744
12.05,1000028.502666934
12.06,1000028.120775353
12.07,1000024.400999903
12.08,1000022.504052636
12.09,1000022.147581318
12.1,1000018.769888193
12.11,1000017.308687837
12.12,1000017.392962905
12.13,1000014.429297621
12.14,1000013.346442613
12.15,1000013.773132161
12.16,1000011.118727616
12.17,1000010.315507645
12.18,1000010.995622604
12.19,1000008.571459577
12.2,1000009.383545861
12.21,1000010.536566677
12.22,1000008.134521272
12.23,1000007.626554572
12.24,1000008.421751569
12.25,1000006.072771251
12.26,1000005.562586225
12.27,1000006.535840887
12.28,1000004.403944712
12.29,1000004.097291813
12.3,1000005.245887147
12.31,1000003.260815306
12.32,1000003.076618345
12.33,1000004.328112611
12.34,1000002.430584451
12.35,1000002.321893449
12.36,1000003.639365016
12.37,1000001.800150618
12.38,1000001.743493408
12.39,1000003.1077524
12.4,1000001.310861864
12.41,1000001.292668901
12.42,1000002.692008248
12.43,1000000.927197627
12.44,1000000.938400023
12.45,1000002.364716085
12.46,1000000.624691373
12.47,1000000.65868738
12.48,1000002.105979717
12.49,1000000.385270118
12.5,1000000.437060224
12.51,1000001.900752346
12.52,1000000.195163405
12.53,1000000.260899715
12.54,1000001.73745943
12.55,1000000.043746829
12.56,1000000.120448282
12.57,1000001.607135361
12.58,999999.9227795451
12.59,1000000.008128927
12.6,1000001.502811583
12.61,999999.825850848
12.62,999999.9180424042
12.63,1000001.419057891
12.64,999999.7479608436
12.65,999999.845583642
12.66,1000001.351631703
12.67,999999.6851994403
12.68,999999.7871477621
12.69,1000001.29720818
12.7,999999.6344991322
12.71,999999.7399036142
12.72,1000001.253173426
12.73,999999.5934455706
12.74,999999.701620266
12.75,1000001.217465085
12.76,999999.5601315349
12.77,999999.6705332161
12.78,1000001.188450053
12.79,999999.5330449282
12.8,999999.6452419198
12.81,1000001.164830657
12.82,999999.510982867
12.83,999999.624630837
12.84,1000001.145571918
12.85,999999.4929847507
12.86,999999.6078083439
12.87,1000001.129845769
12.88,999999.4782814656
12.89,999999.5940593579
12.9,1000001.116987431
12.91,999999.4662545875
12.92,999999.5828088371
12.93,1000001.106461866
12.94,999999.4564061662
12.95,999999.5735929068
12.96,1000001.097836992
12.97,999999.4483335934
12.98,999999.5660365485
12.99,1000001.090763229
13,999999.4417109482
13.01,999999.559835776
13.02,1000001.084956903
13.03,999999.4362736768
13.04,999999.5547436561
13.05,1000001.080187718
13.06,999999.4318065532
13.07,999999.550559237
13.08,1000001.076267889
13.09,999999.42813437
13.1,999999.5471188156
13.11,1000001.073044435
13.12,999999.4251140257
13.13,999999.5442886928
13.14,1000001.070392362
13.15,999999.4226286975
13.16,999999.5419594944
13.17,1000001.068209449
13.18,999999.4205828203
13.19,999999.5400419297
13.2,1000001.066412109
13.21,999999.4188979915
13.22,999999.5384626306
13.23,1000001.064931628
13.24,999999.4175101996
13.25,999999.5371615874
13.26,1000001.063711854
13.27,999999.4163666168
13.28,999999.5360894329
13.29,1000001.062706647
13.3,999999.4154240484
13.31,999999.5352056837
13.32,1000001.061877965
13.33,999999.414647133
13.34,999999.5344771221
13.35,1000001.061194818
13.36,999999.4140064842
13.37,999999.5338763709
13.38,1000001.060631422
13.39,999999.4134781617
13.4,999999.5333809045
13.41,1000001.060166824
13.42,999999.4130424382
13.43,999999.5329722593
13.44,1000001.059783518
13.45,999999.4126829675
13.46,999999.5326351169
13.47,1000001.059467345
13.48,999999.4123864052
13.49,999999.5323569915
13.5,1000001.059206451
13.51,999999.4121417159
13.52,999999.5321274685
13.53,1000001.058991181
13.54,999999.4119397808
13.55,999999.5319380774
13.56,1000001.058813532
13.57,999999.4117731651
13.58,999999.5317817751
13.59,1000001.05866694
13.6,999999.4116356067
13.61,999999.5316527586
13.62,1000001.05854592
13.63,999999.411522103
13.64,999999.5315462492
13.65,1000001.058445987
13.66,999999.4114283351
13.67,999999.5314583217
13.68,1000001.05836351
13.69,999999.4113510168
13.7,999999.5313858312
13.71,1000001.058295523
13.72,999999.4112872062
13.73,999999.5313259333
13.74,1000001.058239296
13.75,999999.4112345445
13.76,999999.5312765045
13.77,1000001.058192927
13.78,999999.4111909966
13.79,999999.5312356437
13.8,1000001.058154653
13.81,999999.4111550716
13.82,999999.5312019403
13.83,1000001.058123005
13.84,999999.4111253868
13.85,999999.5311741175
13.86,1000001.058096919
13.87,999999.4111009005
13.88,999999.5311511403
13.89,1000001.058075332
13.9,999999.4110806541
13.91,999999.5311321396
13.92,1000001.058057492
13.93,999999.41106393
13.94,999999.5311164538
13.95,1000001.058042802
13.96,999999.4110501566
13.97,999999.531103539
13.98,1000001.058030672
13.99,999999.4110387574
14,999999.5310928344
14.01,1000001.058020634
14.02,999999.4110293183
14.03,999999.5310839957
14.04,1000001.058012352
14.05,999999.4110215541
14.06,999999.5310767264
14.07,1000001.058005513
14.08,999999.4110151536
14.09,999999.5310706955
14.1,1000001.057999869
14.11,999999.4110098408
14.12,999999.5310657051
14.13,1000001.057995177
14.14,999999.4110054518
14.15,999999.5310615947
14.16,1000001.057991326
14.17,999999.4110018369
14.18,999999.5310582215
14.19,1000001.057988172
14.2,999999.4109988792
14.21,999999.5310554371
14.22,1000001.057985553
14.23,999999.4109964315
14.24,999999.5310531369
14.25,1000001.05798339
14.26,999999.4109944054
14.27,999999.531051234
14.28,1000001.057981621
14.29,999999.4109927287
14.3,999999.5310496538
14.31,1000001.057980121
14.32,999999.4109913274
14.33,999999.531048345
14.34,1000001.057978903
14.35,999999.4109901778
14.36,999999.531047271
14.37,1000001.057977894
14.38,999999.4109892403
14.39,999999.5310463896
14.4,1000001.057977063
14.41,999999.4109884588
14.42,999999.5310456512
14.43,1000001.057976378
14.44,999999.4109878133
14.45,999999.53104505
14.46,1000001.057975808
14.47,999999.4109872738
14.48,999999.5310445471
14.49,1000001.057975335
14.5,999999.41098683
14.51,999999.5310441322
14.52,1000001.057974944
14.53,999999.4109864695
14.54,999999.5310437948
14.55,1000001.057974624
14.56,999999.410986169
14.57,999999.5310435127
14.58,1000001.057974361
14.59,999999.4109859236
14.6,999999.5310432788
14.61,1000001.057974146
14.62,999999.4109857184
14.63,999999.5310430855
14.64,1000001.05797396
14.65,999999.4109855482
14.66,999999.53104293
14.67,1000001.057973813
14.68,999999.4109854097
14.69,999999.5310427919
14.7,1000001.057973684
14.71,999999.4109852865
14.72,999999.5310426741
14.73,1000001.057973577
14.74,999999.4109851856
14.75,999999.5310425839
14.76,1000001.057973492
14.77,999999.4109851056
14.78,999999.5310425097
14.79,1000001.057973422
14.8,999999.4109850398
14.81,999999.531042448
14.82,1000001.057973369
14.83,999999.4109849883
14.84,999999.531042398
14.85,1000001.05797332
14.86,999999.4109849419
14.87,999999.5310423545
14.88,1000001.05797328
14.89,999999.4109849026
14.9,999999.5310423167
14.91,1000001.057973245
14.92,999999.4109848705
14.93,999999.531042287
14.94,1000001.057973217
14.95,999999.4109848459
14.96,999999.5310422658
14.97,1000001.057973197
14.98,999999.4109848269
14.99,999999.531042248
15,1000001.05797318
15.01,999999.4109848092
15.02,999999.5310422314
15.03,1000001.057973164
15.04,999999.4109847947
15.05,999999.531042218
15.06,1000001.05797315
15.07,999999.4109847818
15.08,999999.5310422068
15.09,1000001.057973141
15.1,999999.4109847732
15.11,999999.5310421977
15.12,1000001.057973133
15.13,999999.4109847646
15.14,999999.5310421907
15.15,1000001.057973126
15.16,999999.4109847584
15.17,999999.531042185
15.18,1000001.057973121
15.19,999999.4109847537
15.2,999999.5310421814
15.21,1000001.057973118
15.22,999999.4109847497
15.23,999999.531042178
15.24,1000001.057973114
15.25,999999.4109847468
15.26,999999.5310421748
15.27,1000001.05797311
15.28,999999.4109847436
15.29,999999.5310421725
15.3,1000001.057973108
15.31,999999.4109847419
15.32,999999.5310421695
15.33,1000001.057973106
15.34,999999.410984739
15.35,999999.5310421677
15.36,1000001.057973103
15.37,999999.4109847372
15.38,999999.5310421652
15.39,1000001.057973102
15.4,999999.4109847359
15.41,999999.5310421637
15.42,1000001.0579731
15.43,999999.4109847342
15.44,999999.531042162
15.45,1000001.0579731
15.46,999999.4109847331
15.47,999999.5310421612
15.48,1000001.057973098
15.49,999999.4109847322
15.5,999999.53104216
15.51,1000001.057973098
15.52,999999.4109847314
15.53,999999.5310421597
15.54,1000001.057973097
15.55,999999.4109847309
15.56,999999.5310421592
15.57,1000001.057973096
15.58,999999.4109847305
15.59,999999.5310421587
15.6,1000001.057973096
15.61,999999.4109847299
15.62,999999.5310421585
15.63,1000001.057973095
15.64,999999.4109847294
15.65,999999.531042158
15.66,1000001.057973095
15.67,999999.4109847294
15.68,999999.5310421579
15.69,1000001.057973095
15.7,999999.4109847293
15.71,999999.531042158
15.72,1000001.057973095
15.73,999999.4109847288
15.74,999999.5310421577
15.75,1000001.057973095
15.76,999999.410984729
15.77,999999.5310421573
15.78,1000001.057973094
15.79,999999.4109847287
15.8,999999.5310421574
15.81,1000001.057973094
15.82,999999.4109847284
15.83,999999.5310421573
15.84,1000001.057973094
15.85,999999.4109847285
15.86,999999.5310421572
15.87,1000001.057973094
15.88,999999.4109847284
15.89,999999.5310421567
15.9,1000001.057973094
15.91,999999.4109847283
15.92,999999.5310421569
15.93,1000001.057973094
15.94,999999.4109847281
15.95,999999.531042157
15.96,1000001.057973094
15.97,999999.4109847281
15.98,999999.5310421567
15.99,1000001.057973094
16,999999.4109847279
16.01,999999.5310421567
16.02,1000001.057973094
16.03,999999.410984728
16.04,999999.5310421567
16.05,1000001.057973094
16.06,999999.410984728
16.07,999999.5310421567
16.08,1000001.057973094
16.09,999999.4109847279
16.1,999999.5310421567
16.11,1000001.057973094
16.12,999999.4109847279
16.13,999999.5310421567
16.14,1000001.057973094
16.15,999999.4109847279
16.16,999999.5310421567
16.17,1000001.057973094
16.18,999999.4109847279
16.19,999999.5310421567
16.2,1000001.057973094
16.21,999999.4109847279
16.22,999999.5310421567
16.23,1000001.057973094
16.24,999999.4109847279
16.25,999999.5310421567
16.26,1000001.057973094
16.27,999999.4109847279
16.28,999999.5310421567
16.29,1000001.057973094
16.3,999999.4109847279
16.31,999999.5310421567
16.32,1000001.057973094
16.33,999999.4109847279
16.34,999999.5310421566
16.35,1000001.057973094
16.36,999999.4109847279
16.37,999999.5310421567
16.38,1000001.057973094
16.39,999999.4109847279
16.4,999999.5310421567
16.41,1000001.057973094
16.42,999999.4109847279
16.43,999999.5310421567
16.44,1000001.057973094
16.45,999999.4109847279
16.46,999999.5310421567
16.47,1000001.057973094
16.48,999999.4109847279
16.49,999999.5310421567
16.5,1000001.057973094
16.51,999999.4109847279
16.52,999999.5310421567
16.53,1000001.057973094
16.54,999999.4109847279
16.55,999999.5310421567
16.56,1000001.057973094
16.57,999999.4109847279
16.58,999999.5310421567
16.59,1000001.057973094
16.6,999999.4109847279
16.61,999999.5310421567
16.62,1000001.057973094
16.63,999999.4109847279
16.64,999999.5310421567
16.65,1000001.057973094
16.66,999999.4109847279
16.67,999999.5310421567
16.68,1000001.057973094
16.69,999999.4109847279
16.7,999999.5310421567
16.71,1000001.057973094
16.72,999999.4109847279
16.73,999999.5310421567
16.74,1000001.057973094
16.75,999999.4109847279
16.76,999999.5310421567
16.77,1000001.057973094
16.78,999999.4109847279
16.79,999999.5310421567
16.8,1000001.057973094
16.81,999999.4109847279
16.82,999999.5310421567
16.83,1000001.057973094
16.84,999999.4109847279
16.85,999999.5310421567
16.86,1000001.057973094
16.87,999999.4109847279
16.88,999999.5310421567
16.89,1000001.057973094
16.9,999999.4109847279
16.91,999999.5310421567
16.92,1000001.057973094
16.93,999999.4109847279
16.94,999999.5310421567
16.95,1000001.057973094
16.96,999999.4109847279
16.97,999999.5310421567
16.98,1000001.057973094
16.99,999999.4109847279
17,999999.5310421567
17.01,1000001.057973094
17.02,999999.4109847279
17.03,999999.5310421567
17.04,1000001.057973094
17.05,999999.4109847279
17.06,999999.5310421567
17.07,1000001.057973094
17.08,999999.4109847279
17.09,999999.5310421567
17.1,1000001.057973094
17.11,999999.4109847279
17.12,999999.5310421567
17.13,1000001.057973094
17.14,999999.4109847279
17.15,999999.5310421567
17.16,1000001.057973094
17.17,999999.4109847279
17.18,999999.5310421567
17.19,1000001.057973094
17.2,999999.4109847279
17.21,999999.5310421567
17.22,1000001.057973094
17.23,999999.4109847279
17.24,999999.5310421567
17.25,1000001.057973094
17.26,999999.4109847279
17.27,999999.5310421567
17.28,1000001.057973094
17.29,999999.4109847279
17.3,999999.5310421567
17.31,1000001.057973094
17.32,999999.4109847279
17.33,999999.5310421567
17.34,1000001.057973094
17.35,999999.4109847279
17.36,999999.5310421567
17.37,1000001.057973094
17.38,999999.4109847279
17.39,999999.5310421567
17.4,1000001.057973094
17.41,999999.4109847279
17.42,999999.5310421567
17.43,1000001.057973094
17.44,999999.4109847279
17.45,999999.5310421567
17.46,1000001.057973094
17.47,999999.4109847279
17.48,999999.5310421567
17.49,1000001.057973094
17.5,999999.4109847279
17.51,999999.5310421567
17.52,1000001.057973094
17.53,999999.4109847279
17.54,999999.5310421567
17.55,1000001.057973094
17.56,999999.4109847279
17.57,999999.5310421567
17.58,1000001.057973094
17.59,999999.4109847279
17.6,999999.5310421567
17.61,1000001.057973094
17.62,999999.4109847279
17.63,999999.5310421567
17.64,1000001.057973094
17.65,999999.4109847279
17.66,999999.5310421567
17.67,1000001.057973094
17.68,999999.4109847279
17.69,999999.5310421567
17.7,1000001.057973094
17.71,999999.4109847279
17.72,999999.5310421567
17.73,1000001.057973094
17.74,999999.4109847279
17.75,999999.5310421567
17.76,1000001.057973094
17.77,999999.4109847279
17.78,999999.5310421567
17.79,1000001.057973094
17.8,999999.4109847279
17.81,999999.5310421567
17.82,1000001.057973094
17.83,999999.4109847279
17.84,999999.5310421567
17.85,1000001.057973094
17.86,999999.4109847279
17.87,999999.5310421567
17.88,1000001.057973094
17.89,999999.4109847279
17.9,999999.5310421567
17.91,1000001.057973094
17.92,999999.4109847279
17.93,999999.5310421567
17.94,1000001.057973094
17.95,999999.4109847279
17.96,999999.5310421567
17.97,1000001.057973094
17.98,999999.4109847279
17.99,999999.5310421567
18,1000001.057973094
18.01,999999.4109847279
18.02,999999.5310421567
18.03,1000001.057973094
18.04,999999.4109847279
18.05,999999.5310421567
18.06,1000001.057973094
18.07,999999.4109847279
18.08,999999.5310421567
18.09,1000001.057973094
18.1,999999.4109847279
18.11,999999.5310421567
18.12,1000001.057973094
18.13,999999.4109847279
18.14,999999.5310421567
18.15,1000001.057973094
18.16,999999.4109847279
18.17,999999.5310421567
18.18,1000001.057973094
18.19,999999.4109847279
18.2,999999.5310421567
18.21,1000001.057973094
18.22,999999.4109847279
18.23,999999.5310421567
18.24,1000001.057973094
18.25,999999.4109847279
18.26,999999.5310421567
18.27,1000001.057973094
18.28,999999.4109847279
18.29,999999.5310421567
18.3,1000001.057973094
18.31,999999.4109847279
18.32,999999.5310421567
18.33,1000001.057973094
18.34,999999.4109847279
18.35,999999.5310421567
18.36,1000001.057973094
18.37,999999.4109847279
18.38,999999.5310421567
18.39,1000001.057973094
18.4,999999.4109847279
18.41,999999.5310421567
18.42,1000001.057973094
18.43,999999.4109847279
18.44,999999.5310421567
18.45,1000001.057973094
18.46,999999.4109847279
18.47,999999.5310421567
18.48,1000001.057973094
18.49,999999.4109847279
18.5,999999.5310421567
18.51,1000001.057973094
18.52,999999.4109847279
18.53,999999.5310421567
18.54,1000001.057973094
18.55,999999.4109847279
18.56,999999.5310421567
18.57,1000001.057973094
18.58,999999.4109847279
18.59,999999.5310421567
18.6,1000001.057973094
18.61,999999.4109847279
18.62,999999.5310421567
18.63,1000001.057973094
18.64,999999.4109847279
18.65,999999.5310421567
18.66,1000001.057973094
18.67,999999.4109847279
18.68,999999.5310421567
18.69,1000001.057973094
18.7,999999.4109847279
18.71,999999.5310421567
18.72,1000001.057973094
18.73,999999.4109847279
18.74,999999.5310421567
18.75,1000001.057973094
18.76,999999.4109847279
18.77,999999.5310421567
18.78,1000001.057973094
18.79,999999.4109847279
18.8,999999.5310421567
18.81,1000001.057973094
18.82,999999.4109847279
18.83,999999.5310421567
18.84,1000001.057973094
18.85,999999.4109847279
18.86,999999.5310421567
18.87,1000001.057973094
18.88,999999.4109847279
18.89,999999.5310421567
18.9,1000001.057973094
18.91,999999.4109847279
18.92,999999.5310421567
18.93,1000001.057973094
18.94,999999.4109847279
18.95,999999.5310421567
18.96,1000001.057973094
18.97,999999.4109847279
18.98,999999.5310421567
18.99,1000001.057973094
19,999999.4109847279
19.01,999999.5310421567
19.02,1000001.057973094
19.03,999999.4109847279
19.04,999999.5310421567
19.05,1000001.057973094
19.06,999999.4109847279
19.07,999999.5310421567
19.08,1000001.057973094
19.09,999999.4109847279
19.1,999999.5310421567
19.11,1000001.057973094
19.12,999999.4109847279
19.13,999999.5310421567
19.14,1000001.057973094
19.15,999999.4109847279
19.16,999999.5310421567
19.17,1000001.057973094
19.18,999999.4109847279
19.19,999999.5310421567
19.2,1000001.057973094
19.21,999999.4109847279
19.22,999999.5310421567
19.23,1000001.057973094
19.24,999999.4109847279
19.25,999999.5310421567
19.26,1000001.057973094
19.27,999999.4109847279
19.28,999999.5310421567
19.29,1000001.057973094
19.3,999999.4109847279
19.31,999999.5310421567
19.32,1000001.057973094
19.33,999999.4109847279
19.34,999999.5310421567
19.35,1000001.057973094
19.36,999999.4109847279
19.37,999999.5310421567
19.38,1000001.057973094
19.39,999999.4109847279
19.4,999999.5310421567
19.41,1000001.057973094
19.42,999999.4109847279
19.43,999999.5310421567
19.44,1000001.057973094
19.45,999999.4109847279
19.46,999999.5310421567
19.47,1000001.057973094
19.48,999999.4109847279
19.49,999999.5310421567
19.5,1000001.057973094
19.51,999999.4109847279
19.52,999999.5310421567
19.53,1000001.057973094
19.54,999999.4109847279
19.55,999999.5310421567
19.56,1000001.057973094
19.57,999999.4109847279
19.58,999999.5310421567
19.59,1000001.057973094
19.6,999999.4109847279
19.61,999999.5310421567
19.62,1000001.057973094
19.63,999999.4109847279
19.64,999999.5310421567
19.65,1000001.057973094
19.66,999999.4109847279
19.67,999999.5310421567
19.68,1000001.057973094
19.69,999999.4109847279
19.7,999999.5310421567
19.71,1000001.057973094
19.72,999999.4109847279
19.73,999999.5310421567
19.74,1000001.057973094
19.75,999999.4109847279
19.76,999999.5310421567
19.77,1000001.057973094
19.78,999999.4109847279
19.79,999999.5310421567
19.8,1000001.057973094
19.81,999999.4109847279
19.82,999999.5310421567
19.83,1000001.057973094
19.84,999999.4109847279
19.85,999999.5310421567
19.86,1000001.057973094
19.87,999999.4109847279
19.88,999999.5310421567
19.89,1000001.057973094
19.9,999999.4109847279
19.91,999999.5310421567
19.92,1000001.057973094
19.93,999999.4109847279
19.94,999999.5310421567
19.95,1000001.057973094
19.96,999999.4109847279
19.97,999999.5310421567
19.98,1000001.057973094
19.99,999999.4109847279
20,999999.5310421567
